ts,script,host,path,status,dur_s,retries,note
2026-08-31 14:16:44,build_registry.py,www.jbis.or.jp,/horse/0001237042/sire/progeny/,200,16.47,1,
2026-08-31 14:16:52,build_registry.py,www.jbis.or.jp,/horse/0001237042/sire/progeny/,200,6.58,1,
2026-08-31 14:16:54,build_registry.py,www.jbis.or.jp,/horse/0001237042/sire/progeny/,200,1.79,1,
2026-08-31 14:16:57,build_registry.py,www.jbis.or.jp,/horse/0001237042/sire/progeny/,200,1.32,1,
2026-08-31 14:16:58,fetch_studbook.py,www.studbook.jp,/users/ja/SearchBameiList,200,0.34,1,
2026-08-31 14:16:58,fetch_pedigree.py,www.jbis.or.jp,/horse/0001371798/pedigree/,200,0.36,1,
2026-08-31 14:16:58,fetch_nk_id.py,db.netkeiba.com,/horse/list.html,200,0.6,1,
2026-08-31 14:16:58,fetch_studbook.py,www.studbook.jp,/users/ja/SearchChichiKettouList2,200,0.41,1,
2026-08-31 14:17:00,fetch_pedigree.py,www.jbis.or.jp,/horse/0001375514/pedigree/,200,0.35,1,
2026-08-31 14:17:00,fetch_studbook.py,www.studbook.jp,/users/ja/SearchChichiKettouList2,200,0.54,1,
2026-08-31 14:17:01,fetch_pedigree.py,www.jbis.or.jp,/horse/0001374656/pedigree/,200,0.36,1,
2026-08-31 14:17:02,fetch_studbook.py,www.studbook.jp,/users/ja/SearchChichiKettouList2,200,0.66,1,
2026-08-31 14:17:02,fetch_studbook.py,www.studbook.jp,/users/ja/Honba,200,0.14,1,
2026-08-31 14:17:03,fetch_studbook.py,www.studbook.jp,/users/ja/Honba,200,0.13,1,
2026-08-31 14:17:03,fetch_pedigree.py,www.jbis.or.jp,/horse/0001369123/pedigree/,200,0.34,1,
2026-08-31 14:17:04,fetch_nk_id.py,db.netkeiba.com,/horse/list.html,200,0.48,1,
2026-08-31 14:17:05,fetch_studbook.py,www.studbook.jp,/users/ja/Honba,200,0.12,1,
2026-08-31 14:17:06,fetch_pedigree.py,www.jbis.or.jp,/horse/0001375687/pedigree/,200,0.35,1,
2026-08-31 14:17:06,fetch_studbook.py,www.studbook.jp,/users/ja/Honba,200,0.12,1,
2026-08-31 14:17:08,fetch_pedigree.py,www.jbis.or.jp,/horse/0001370033/pedigree/,200,0.74,1,
2026-08-31 14:17:08,fetch_studbook.py,www.studbook.jp,/users/ja/Honba,200,0.13,1,
2026-08-31 14:17:09,fetch_studbook.py,www.studbook.jp,/users/ja/Honba,200,0.12,1,
2026-08-31 14:17:10,fetch_pedigree.py,www.jbis.or.jp,/horse/0001375545/pedigree/,200,0.39,1,
2026-08-31 14:17:11,fetch_studbook.py,www.studbook.jp,/users/ja/Honba,200,0.12,1,
2026-08-31 14:17:12,fetch_pedigree.py,www.jbis.or.jp,/horse/0001371827/pedigree/,200,0.51,1,
2026-08-31 14:17:12,fetch_nk_id.py,db.netkeiba.com,/horse/list.html,200,0.54,1,
2026-08-31 14:17:12,fetch_studbook.py,www.studbook.jp,/users/ja/Honba,200,0.15,1,
2026-08-31 14:17:13,fetch_studbook.py,www.studbook.jp,/users/ja/Honba,200,0.13,1,
2026-08-31 14:17:14,fetch_pedigree.py,www.jbis.or.jp,/horse/0001375470/pedigree/,200,0.37,1,
2026-08-31 14:17:14,fetch_studbook.py,www.studbook.jp,/users/ja/Honba,200,0.17,1,
2026-08-31 14:17:15,fetch_pedigree.py,www.jbis.or.jp,/horse/0001369891/pedigree/,200,0.37,1,
2026-08-31 14:17:16,fetch_studbook.py,www.studbook.jp,/users/ja/Honba,200,0.15,1,
2026-08-31 14:17:17,fetch_studbook.py,www.studbook.jp,/users/ja/Honba,200,0.18,1,
2026-08-31 14:17:17,fetch_pedigree.py,www.jbis.or.jp,/horse/0001378291/pedigree/,200,0.41,1,
2026-08-31 14:17:18,fetch_nk_id.py,db.netkeiba.com,/horse/list.html,200,0.54,1,
2026-08-31 14:17:19,fetch_studbook.py,www.studbook.jp,/users/ja/Honba,200,0.19,1,
2026-08-31 14:17:19,fetch_pedigree.py,www.jbis.or.jp,/horse/0001373911/pedigree/,200,0.35,1,
2026-08-31 14:17:20,fetch_studbook.py,www.studbook.jp,/users/ja/Honba,200,0.2,1,
2026-08-31 14:17:21,fetch_pedigree.py,www.jbis.or.jp,/horse/0001378298/pedigree/,200,0.36,1,
2026-08-31 14:17:21,fetch_studbook.py,www.studbook.jp,/users/ja/Honba,200,0.19,1,
2026-08-31 14:17:23,fetch_studbook.py,www.studbook.jp,/users/ja/Honba,200,0.21,1,
2026-08-31 14:17:23,fetch_pedigree.py,www.jbis.or.jp,/horse/0001375600/pedigree/,200,0.57,1,
2026-08-31 14:17:24,fetch_studbook.py,www.studbook.jp,/users/ja/Honba,200,0.24,1,
2026-08-31 14:17:25,fetch_studbook.py,www.studbook.jp,/users/ja/Honba,200,0.22,1,
2026-08-31 14:17:25,fetch_pedigree.py,www.jbis.or.jp,/horse/0001375539/pedigree/,200,0.44,1,
2026-08-31 14:17:27,fetch_studbook.py,www.studbook.jp,/users/ja/Honba,200,0.23,1,
2026-08-31 14:17:27,fetch_pedigree.py,www.jbis.or.jp,/horse/0001375435/pedigree/,200,0.38,1,
2026-08-31 14:17:28,fetch_studbook.py,www.studbook.jp,/users/ja/Honba,200,0.23,1,
2026-08-31 14:17:29,fetch_studbook.py,www.studbook.jp,/users/ja/Honba,200,0.23,1,
2026-08-31 14:17:30,fetch_pedigree.py,www.jbis.or.jp,/horse/0001373094/pedigree/,200,0.37,1,
2026-08-31 14:17:30,fetch_studbook.py,www.studbook.jp,/users/ja/Honba,200,0.24,1,
2026-08-31 14:17:31,fetch_pedigree.py,www.jbis.or.jp,/horse/0001378262/pedigree/,200,0.34,1,
2026-08-31 14:17:32,fetch_studbook.py,www.studbook.jp,/users/ja/Honba,200,0.24,1,
2026-08-31 14:17:33,fetch_studbook.py,www.studbook.jp,/users/ja/Honba,200,0.25,1,
2026-08-31 14:17:33,fetch_pedigree.py,www.jbis.or.jp,/horse/0001375699/pedigree/,200,0.39,1,
2026-08-31 14:17:35,fetch_studbook.py,www.studbook.jp,/users/ja/Honba,200,0.25,1,
2026-08-31 14:17:35,fetch_pedigree.py,www.jbis.or.jp,/horse/0001371536/pedigree/,200,0.38,1,
2026-08-31 14:17:36,fetch_studbook.py,www.studbook.jp,/users/ja/Honba,200,0.24,1,
2026-08-31 14:17:37,fetch_pedigree.py,www.jbis.or.jp,/horse/0001374014/pedigree/,200,0.41,1,
2026-08-31 14:17:38,fetch_studbook.py,www.studbook.jp,/users/ja/Honba,200,0.26,1,
2026-08-31 14:17:39,fetch_pedigree.py,www.jbis.or.jp,/horse/0001375142/pedigree/,200,0.38,1,
2026-08-31 14:17:39,fetch_studbook.py,www.studbook.jp,/users/ja/Honba,200,0.25,1,
2026-08-31 14:17:41,fetch_studbook.py,www.studbook.jp,/users/ja/Honba,200,0.24,1,
2026-08-31 14:17:41,fetch_pedigree.py,www.jbis.or.jp,/horse/0001375337/pedigree/,200,0.35,1,
2026-08-31 14:17:42,fetch_studbook.py,www.studbook.jp,/users/ja/Honba,200,0.22,1,
2026-08-31 14:17:44,fetch_pedigree.py,www.jbis.or.jp,/horse/0001375127/pedigree/,200,0.36,1,
2026-08-31 14:17:44,fetch_studbook.py,www.studbook.jp,/users/ja/Honba,200,0.2,1,
2026-08-31 14:17:45,fetch_studbook.py,www.studbook.jp,/users/ja/Honba,200,0.16,1,
2026-08-31 14:17:46,fetch_pedigree.py,www.jbis.or.jp,/horse/0001375401/pedigree/,200,0.4,1,
2026-08-31 14:17:47,fetch_studbook.py,www.studbook.jp,/users/ja/Honba,200,0.17,1,
2026-08-31 14:17:47,fetch_pedigree.py,www.jbis.or.jp,/horse/0001370890/pedigree/,200,0.35,1,
2026-08-31 14:17:48,fetch_studbook.py,www.studbook.jp,/users/ja/Honba,200,0.21,1,
2026-08-31 14:17:50,fetch_studbook.py,www.studbook.jp,/users/ja/Honba,200,0.19,1,
2026-08-31 14:17:50,fetch_pedigree.py,www.jbis.or.jp,/horse/0001369548/pedigree/,200,1.18,1,
2026-08-31 14:17:51,fetch_studbook.py,www.studbook.jp,/users/ja/Honba,200,0.22,1,
2026-08-31 14:17:52,fetch_pedigree.py,www.jbis.or.jp,/horse/0001375430/pedigree/,200,0.35,1,
2026-08-31 14:17:52,fetch_studbook.py,www.studbook.jp,/users/ja/Honba,200,0.21,1,
2026-08-31 14:17:54,fetch_pedigree.py,www.jbis.or.jp,/horse/0001375348/pedigree/,200,0.41,1,
2026-08-31 14:17:54,fetch_studbook.py,www.studbook.jp,/users/ja/Honba,200,0.22,1,
2026-08-31 14:17:56,fetch_studbook.py,www.studbook.jp,/users/ja/Honba,200,0.19,1,
2026-08-31 14:17:56,fetch_pedigree.py,www.jbis.or.jp,/horse/0001374116/pedigree/,200,0.37,1,
2026-08-31 14:17:57,fetch_studbook.py,www.studbook.jp,/users/ja/Honba,200,0.19,1,
2026-08-31 14:17:58,fetch_pedigree.py,www.jbis.or.jp,/horse/0001378332/pedigree/,200,1.01,1,
2026-08-31 14:17:59,fetch_studbook.py,www.studbook.jp,/users/ja/Honba,200,0.22,1,
2026-08-31 14:18:00,fetch_studbook.py,www.studbook.jp,/users/ja/Honba,200,0.25,1,
2026-08-31 14:18:00,fetch_pedigree.py,www.jbis.or.jp,/horse/0001375192/pedigree/,200,0.38,1,
2026-08-31 14:18:02,fetch_studbook.py,www.studbook.jp,/users/ja/Honba,200,0.33,1,
2026-08-31 14:18:02,fetch_pedigree.py,www.jbis.or.jp,/horse/0001375332/pedigree/,200,0.44,1,
2026-08-31 14:18:03,fetch_studbook.py,www.studbook.jp,/users/ja/Honba,200,0.26,1,
2026-08-31 14:18:04,fetch_pedigree.py,www.jbis.or.jp,/horse/0001375506/pedigree/,200,0.35,1,
2026-08-31 14:18:05,fetch_studbook.py,www.studbook.jp,/users/ja/Honba,200,0.23,1,
2026-08-31 14:18:06,fetch_pedigree.py,www.jbis.or.jp,/horse/0001371627/pedigree/,200,0.38,1,
2026-08-31 14:18:06,fetch_studbook.py,www.studbook.jp,/users/ja/Honba,200,0.24,1,
2026-08-31 14:18:07,fetch_studbook.py,www.studbook.jp,/users/ja/Honba,200,0.22,1,
2026-08-31 14:18:07,fetch_pedigree.py,www.jbis.or.jp,/horse/0001378244/pedigree/,200,0.35,1,
2026-08-31 14:18:09,fetch_studbook.py,www.studbook.jp,/users/ja/Honba,200,0.26,1,
2026-08-31 14:18:09,fetch_pedigree.py,www.jbis.or.jp,/horse/0001375231/pedigree/,200,0.35,1,
2026-08-31 14:18:10,fetch_studbook.py,www.studbook.jp,/users/ja/Honba,200,0.23,1,
2026-08-31 14:18:11,fetch_studbook.py,www.studbook.jp,/users/ja/Honba,200,0.25,1,
2026-08-31 14:18:11,fetch_pedigree.py,www.jbis.or.jp,/horse/0001367115/pedigree/,200,0.32,1,
2026-08-31 14:18:13,fetch_studbook.py,www.studbook.jp,/users/ja/Honba,200,0.23,1,
2026-08-31 14:18:13,fetch_pedigree.py,www.jbis.or.jp,/horse/0001374789/pedigree/,200,0.35,1,
2026-08-31 14:18:14,fetch_studbook.py,www.studbook.jp,/users/ja/Honba,200,0.21,1,
2026-08-31 14:18:15,fetch_pedigree.py,www.jbis.or.jp,/horse/0001373080/pedigree/,200,0.34,1,
2026-08-31 14:18:16,fetch_studbook.py,www.studbook.jp,/users/ja/Honba,200,0.19,1,
2026-08-31 14:18:17,fetch_pedigree.py,www.jbis.or.jp,/horse/0001374776/pedigree/,200,0.36,1,
2026-08-31 14:18:17,fetch_studbook.py,www.studbook.jp,/users/ja/Honba,200,0.21,1,
2026-08-31 14:18:19,fetch_pedigree.py,www.jbis.or.jp,/horse/0001375500/pedigree/,200,0.75,1,
2026-08-31 14:18:19,fetch_studbook.py,www.studbook.jp,/users/ja/Honba,200,0.23,1,
2026-08-31 14:18:20,fetch_studbook.py,www.studbook.jp,/users/ja/Honba,200,0.2,1,
2026-08-31 14:18:21,fetch_pedigree.py,www.jbis.or.jp,/horse/0001374672/pedigree/,200,0.37,1,
2026-08-31 14:18:22,fetch_studbook.py,www.studbook.jp,/users/ja/Honba,200,0.23,1,
2026-08-31 14:18:22,fetch_pedigree.py,www.jbis.or.jp,/horse/0001378273/pedigree/,200,0.35,1,
2026-08-31 14:18:24,fetch_studbook.py,www.studbook.jp,/users/ja/Honba,200,0.2,1,
2026-08-31 14:18:25,fetch_pedigree.py,www.jbis.or.jp,/horse/0001369929/pedigree/,200,0.36,1,
2026-08-31 14:18:25,fetch_studbook.py,www.studbook.jp,/users/ja/Honba,200,0.19,1,
2026-08-31 14:18:26,fetch_pedigree.py,www.jbis.or.jp,/horse/0001378330/pedigree/,200,0.35,1,
2026-08-31 14:18:26,fetch_studbook.py,www.studbook.jp,/users/ja/Honba,200,0.19,1,
2026-08-31 14:18:28,fetch_studbook.py,www.studbook.jp,/users/ja/Honba,200,0.21,1,
2026-08-31 14:18:28,fetch_pedigree.py,www.jbis.or.jp,/horse/0001378333/pedigree/,200,0.36,1,
2026-08-31 14:18:29,fetch_studbook.py,www.studbook.jp,/users/ja/Honba,200,0.2,1,
2026-08-31 14:18:30,fetch_pedigree.py,www.jbis.or.jp,/horse/0001375477/pedigree/,200,0.51,1,
2026-08-31 14:18:31,fetch_studbook.py,www.studbook.jp,/users/ja/Honba,200,0.2,1,
2026-08-31 14:18:32,fetch_studbook.py,www.studbook.jp,/users/ja/Honba,200,0.2,1,
2026-08-31 14:18:32,fetch_pedigree.py,www.jbis.or.jp,/horse/0001378275/pedigree/,200,0.36,1,
2026-08-31 14:18:34,fetch_studbook.py,www.studbook.jp,/users/ja/Honba,200,0.2,1,
2026-08-31 14:18:34,fetch_pedigree.py,www.jbis.or.jp,/horse/0001378223/pedigree/,200,0.42,1,
2026-08-31 14:18:35,fetch_studbook.py,www.studbook.jp,/users/ja/Honba,200,0.19,1,
2026-08-31 14:18:36,fetch_pedigree.py,www.jbis.or.jp,/horse/0001369279/pedigree/,200,0.43,1,
2026-08-31 14:18:36,fetch_studbook.py,www.studbook.jp,/users/ja/Honba,200,0.23,1,
2026-08-31 14:18:38,fetch_pedigree.py,www.jbis.or.jp,/horse/0001378328/pedigree/,200,0.37,1,
2026-08-31 14:18:38,fetch_studbook.py,www.studbook.jp,/users/ja/Honba,200,0.19,1,
2026-08-31 14:18:39,fetch_studbook.py,www.studbook.jp,/users/ja/Honba,200,0.2,1,
2026-08-31 14:18:40,fetch_pedigree.py,www.jbis.or.jp,/horse/0001373189/pedigree/,200,0.5,1,
2026-08-31 14:18:41,fetch_studbook.py,www.studbook.jp,/users/ja/Honba,200,0.19,1,
2026-08-31 14:18:42,fetch_pedigree.py,www.jbis.or.jp,/horse/0001378335/pedigree/,200,0.38,1,
2026-08-31 14:18:42,fetch_studbook.py,www.studbook.jp,/users/ja/Honba,200,0.21,1,
2026-08-31 14:18:44,fetch_pedigree.py,www.jbis.or.jp,/horse/0001375579/pedigree/,200,0.35,1,
2026-08-31 14:18:44,fetch_studbook.py,www.studbook.jp,/users/ja/Honba,200,0.21,1,
2026-08-31 14:18:45,fetch_studbook.py,www.studbook.jp,/users/ja/Honba,200,0.24,1,
2026-08-31 14:18:46,fetch_pedigree.py,www.jbis.or.jp,/horse/0001375344/pedigree/,200,0.36,1,
2026-08-31 14:18:47,fetch_studbook.py,www.studbook.jp,/users/ja/Honba,200,0.22,1,
2026-08-31 14:18:48,fetch_pedigree.py,www.jbis.or.jp,/horse/0001375379/pedigree/,200,0.36,1,
2026-08-31 14:18:48,fetch_studbook.py,www.studbook.jp,/users/ja/Honba,200,0.22,1,
2026-08-31 14:18:49,fetch_studbook.py,www.studbook.jp,/users/ja/Honba,200,0.22,1,
2026-08-31 14:18:49,fetch_pedigree.py,www.jbis.or.jp,/horse/0001375444/pedigree/,200,0.35,1,
2026-08-31 14:18:51,fetch_studbook.py,www.studbook.jp,/users/ja/Honba,200,0.22,1,
2026-08-31 14:18:51,fetch_pedigree.py,www.jbis.or.jp,/horse/0001378331/pedigree/,200,0.36,1,
2026-08-31 14:18:52,fetch_studbook.py,www.studbook.jp,/users/ja/Honba,200,0.24,1,
2026-08-31 14:18:53,fetch_pedigree.py,www.jbis.or.jp,/horse/0001373147/pedigree/,200,0.44,1,
2026-08-31 14:18:54,fetch_studbook.py,www.studbook.jp,/users/ja/Honba,200,0.27,1,
2026-08-31 14:18:55,fetch_studbook.py,www.studbook.jp,/users/ja/Honba,200,0.22,1,
2026-08-31 14:18:55,fetch_pedigree.py,www.jbis.or.jp,/horse/0001375665/pedigree/,200,0.48,1,
2026-08-31 14:18:57,fetch_studbook.py,www.studbook.jp,/users/ja/Honba,200,0.21,1,
2026-08-31 14:18:57,fetch_pedigree.py,www.jbis.or.jp,/horse/0001375669/pedigree/,200,0.35,1,
2026-08-31 14:18:58,fetch_studbook.py,www.studbook.jp,/users/ja/Honba,200,0.22,1,
2026-08-31 14:18:59,fetch_pedigree.py,www.jbis.or.jp,/horse/0001378318/pedigree/,200,0.43,1,
2026-08-31 14:18:59,fetch_studbook.py,www.studbook.jp,/users/ja/Honba,200,0.23,1,
2026-08-31 14:19:01,fetch_pedigree.py,www.jbis.or.jp,/horse/0001375167/pedigree/,200,0.4,1,
2026-08-31 14:19:01,fetch_studbook.py,www.studbook.jp,/users/ja/Honba,200,0.28,1,
2026-08-31 14:19:02,fetch_studbook.py,www.studbook.jp,/users/ja/Honba,200,0.24,1,
2026-08-31 14:19:03,fetch_pedigree.py,www.jbis.or.jp,/horse/0001372593/pedigree/,200,0.36,1,
2026-08-31 14:19:04,fetch_studbook.py,www.studbook.jp,/users/ja/Honba,200,0.25,1,
2026-08-31 14:19:05,fetch_pedigree.py,www.jbis.or.jp,/horse/0001374729/pedigree/,200,0.35,1,
2026-08-31 14:19:05,fetch_studbook.py,www.studbook.jp,/users/ja/Honba,200,0.22,1,
2026-08-31 14:19:07,fetch_pedigree.py,www.jbis.or.jp,/horse/0001372881/pedigree/,200,0.37,1,
2026-08-31 14:19:07,fetch_studbook.py,www.studbook.jp,/users/ja/Honba,200,0.21,1,
2026-08-31 14:19:09,fetch_studbook.py,www.studbook.jp,/users/ja/Honba,200,0.22,1,
2026-08-31 14:19:09,fetch_pedigree.py,www.jbis.or.jp,/horse/0001369292/pedigree/,200,0.37,1,
2026-08-31 14:19:10,fetch_studbook.py,www.studbook.jp,/users/ja/Honba,200,0.26,1,
2026-08-31 14:19:11,fetch_pedigree.py,www.jbis.or.jp,/horse/0001374023/pedigree/,200,0.34,1,
2026-08-31 14:19:12,fetch_studbook.py,www.studbook.jp,/users/ja/Honba,200,0.26,1,
2026-08-31 14:19:12,fetch_pedigree.py,www.jbis.or.jp,/horse/0001378225/pedigree/,200,0.42,1,
2026-08-31 14:19:14,fetch_studbook.py,www.studbook.jp,/users/ja/Honba,200,0.26,1,
2026-08-31 14:19:14,fetch_pedigree.py,www.jbis.or.jp,/horse/0001369939/pedigree/,200,0.37,1,
2026-08-31 14:19:15,fetch_studbook.py,www.studbook.jp,/users/ja/Honba,200,0.23,1,
2026-08-31 14:19:16,fetch_studbook.py,www.studbook.jp,/users/ja/Honba,200,0.24,1,
2026-08-31 14:19:16,fetch_pedigree.py,www.jbis.or.jp,/horse/0001373445/pedigree/,200,0.36,1,
2026-08-31 14:19:18,fetch_studbook.py,www.studbook.jp,/users/ja/Honba,200,0.23,1,
2026-08-31 14:19:18,fetch_pedigree.py,www.jbis.or.jp,/horse/0001373174/pedigree/,200,0.42,1,
2026-08-31 14:19:19,fetch_studbook.py,www.studbook.jp,/users/ja/Honba,200,0.23,1,
2026-08-31 14:19:20,fetch_pedigree.py,www.jbis.or.jp,/horse/0001372246/pedigree/,200,0.36,1,
2026-08-31 14:19:21,fetch_studbook.py,www.studbook.jp,/users/ja/Honba,200,0.21,1,
2026-08-31 14:19:22,fetch_studbook.py,www.studbook.jp,/users/ja/Honba,200,0.21,1,
2026-08-31 14:19:22,fetch_pedigree.py,www.jbis.or.jp,/horse/0001375224/pedigree/,200,0.51,1,
2026-08-31 14:19:23,fetch_studbook.py,www.studbook.jp,/users/ja/Honba,200,0.23,1,
2026-08-31 14:19:24,fetch_pedigree.py,www.jbis.or.jp,/horse/0001375479/pedigree/,200,0.41,1,
2026-08-31 14:19:25,fetch_studbook.py,www.studbook.jp,/users/ja/Honba,200,0.24,1,
2026-08-31 14:19:26,fetch_studbook.py,www.studbook.jp,/users/ja/Honba,200,0.23,1,
2026-08-31 14:19:27,fetch_pedigree.py,www.jbis.or.jp,/horse/0001378224/pedigree/,200,0.42,1,
2026-08-31 14:19:28,fetch_studbook.py,www.studbook.jp,/users/ja/Honba,200,0.22,1,
2026-08-31 14:19:28,fetch_pedigree.py,www.jbis.or.jp,/horse/0001374674/pedigree/,200,0.36,1,
2026-08-31 14:19:29,fetch_studbook.py,www.studbook.jp,/users/ja/Honba,200,0.2,1,
2026-08-31 14:19:30,fetch_pedigree.py,www.jbis.or.jp,/horse/0001378236/pedigree/,200,0.34,1,
2026-08-31 14:19:30,fetch_studbook.py,www.studbook.jp,/users/ja/Honba,200,0.21,1,
2026-08-31 14:19:31,fetch_studbook.py,www.studbook.jp,/users/ja/Honba,200,0.2,1,
2026-08-31 14:19:32,fetch_pedigree.py,www.jbis.or.jp,/horse/0001371913/pedigree/,200,0.41,1,
2026-08-31 14:19:33,fetch_studbook.py,www.studbook.jp,/users/ja/Honba,200,0.23,1,
2026-08-31 14:19:34,fetch_pedigree.py,www.jbis.or.jp,/horse/0001373217/pedigree/,200,0.4,1,
2026-08-31 14:19:34,fetch_studbook.py,www.studbook.jp,/users/ja/Honba,200,0.21,1,
2026-08-31 14:19:35,fetch_studbook.py,www.studbook.jp,/users/ja/Honba,200,0.21,1,
2026-08-31 14:19:36,fetch_pedigree.py,www.jbis.or.jp,/horse/0001375426/pedigree/,200,0.46,1,
2026-08-31 14:19:36,fetch_studbook.py,www.studbook.jp,/users/ja/Honba,200,0.25,1,
2026-08-31 14:19:38,fetch_pedigree.py,www.jbis.or.jp,/horse/0001378256/pedigree/,200,0.87,1,
2026-08-31 14:19:38,fetch_studbook.py,www.studbook.jp,/users/ja/Honba,200,0.22,1,
2026-08-31 14:19:39,fetch_studbook.py,www.studbook.jp,/users/ja/Honba,200,0.24,1,
2026-08-31 14:19:41,fetch_studbook.py,www.studbook.jp,/users/ja/Honba,200,0.22,1,
2026-08-31 14:19:41,fetch_pedigree.py,www.jbis.or.jp,/horse/0001369059/pedigree/,200,1.22,1,
2026-08-31 14:19:42,fetch_studbook.py,www.studbook.jp,/users/ja/Honba,200,0.25,1,
2026-08-31 14:19:43,fetch_pedigree.py,www.jbis.or.jp,/horse/0001375208/pedigree/,200,0.62,1,
2026-08-31 14:19:44,fetch_studbook.py,www.studbook.jp,/users/ja/Honba,200,0.25,1,
2026-08-31 14:19:45,fetch_pedigree.py,www.jbis.or.jp,/horse/0001368777/pedigree/,200,0.34,1,
2026-08-31 14:19:45,fetch_studbook.py,www.studbook.jp,/users/ja/Honba,200,0.21,1,
2026-08-31 14:19:47,fetch_studbook.py,www.studbook.jp,/users/ja/Honba,200,0.22,1,
2026-08-31 14:19:47,fetch_pedigree.py,www.jbis.or.jp,/horse/0001378329/pedigree/,200,0.65,1,
2026-08-31 14:19:49,fetch_studbook.py,www.studbook.jp,/users/ja/Honba,200,0.24,1,
2026-08-31 14:19:49,fetch_pedigree.py,www.jbis.or.jp,/horse/0001371531/pedigree/,200,0.57,1,
2026-08-31 14:19:50,fetch_studbook.py,www.studbook.jp,/users/ja/Honba,200,0.22,1,
2026-08-31 14:19:51,fetch_studbook.py,www.studbook.jp,/users/ja/Honba,200,0.23,1,
2026-08-31 14:19:51,fetch_pedigree.py,www.jbis.or.jp,/horse/0001378264/pedigree/,200,0.85,1,
2026-08-31 14:19:52,fetch_studbook.py,www.studbook.jp,/users/ja/Honba,200,0.25,1,
2026-08-31 14:19:53,fetch_pedigree.py,www.jbis.or.jp,/horse/0001375559/pedigree/,200,0.63,1,
2026-08-31 14:19:54,fetch_studbook.py,www.studbook.jp,/users/ja/Honba,200,0.23,1,
2026-08-31 14:19:55,fetch_studbook.py,www.studbook.jp,/users/ja/Honba,200,0.24,1,
2026-08-31 14:19:55,fetch_pedigree.py,www.jbis.or.jp,/horse/0001375607/pedigree/,200,0.36,1,
2026-08-31 14:19:57,fetch_studbook.py,www.studbook.jp,/users/ja/Honba,200,0.24,1,
2026-08-31 14:19:57,fetch_pedigree.py,www.jbis.or.jp,/horse/0001375355/pedigree/,200,0.35,1,
2026-08-31 14:19:58,fetch_studbook.py,www.studbook.jp,/users/ja/SearchChichiKettouList2,200,0.47,1,
2026-08-31 14:19:59,fetch_pedigree.py,www.jbis.or.jp,/horse/0001369947/pedigree/,200,0.33,1,
2026-08-31 14:20:00,fetch_studbook.py,www.studbook.jp,/users/ja/SearchChichiKettouList2,200,0.82,1,
2026-08-31 14:20:02,fetch_pedigree.py,www.jbis.or.jp,/horse/0001368295/pedigree/,200,0.93,1,
2026-08-31 14:20:02,fetch_studbook.py,www.studbook.jp,/users/ja/SearchChichiKettouList2,200,0.97,1,
2026-08-31 14:20:03,fetch_studbook.py,www.studbook.jp,/users/ja/Honba,200,0.21,1,
2026-08-31 14:20:04,fetch_studbook.py,www.studbook.jp,/users/ja/Honba,200,0.25,1,
2026-08-31 14:20:04,fetch_pedigree.py,www.jbis.or.jp,/horse/0001375412/pedigree/,200,0.94,1,
2026-08-31 14:20:05,fetch_studbook.py,www.studbook.jp,/users/ja/Honba,200,0.24,1,
2026-08-31 14:20:06,fetch_pedigree.py,www.jbis.or.jp,/horse/0001375585/pedigree/,200,0.34,1,
2026-08-31 14:20:07,fetch_studbook.py,www.studbook.jp,/users/ja/Honba,200,0.21,1,
2026-08-31 14:20:08,fetch_studbook.py,www.studbook.jp,/users/ja/Honba,200,0.24,1,
2026-08-31 14:20:08,fetch_pedigree.py,www.jbis.or.jp,/horse/0001374566/pedigree/,200,0.38,1,
2026-08-31 14:20:09,fetch_studbook.py,www.studbook.jp,/users/ja/Honba,200,0.23,1,
2026-08-31 14:20:10,fetch_pedigree.py,www.jbis.or.jp,/horse/0001375674/pedigree/,200,0.32,1,
2026-08-31 14:20:11,fetch_studbook.py,www.studbook.jp,/users/ja/Honba,200,0.2,1,
2026-08-31 14:20:12,fetch_pedigree.py,www.jbis.or.jp,/horse/0001375237/pedigree/,200,0.34,1,
2026-08-31 14:20:13,fetch_studbook.py,www.studbook.jp,/users/ja/Honba,200,0.23,1,
2026-08-31 14:20:14,fetch_pedigree.py,www.jbis.or.jp,/horse/0001375478/pedigree/,200,0.64,1,
2026-08-31 14:20:14,fetch_studbook.py,www.studbook.jp,/users/ja/Honba,200,0.23,1,
2026-08-31 14:20:16,fetch_studbook.py,www.studbook.jp,/users/ja/Honba,200,0.22,1,
2026-08-31 14:20:16,fetch_pedigree.py,www.jbis.or.jp,/horse/0001373471/pedigree/,200,0.83,1,
2026-08-31 14:20:17,fetch_studbook.py,www.studbook.jp,/users/ja/Honba,200,0.26,1,
2026-08-31 14:20:19,fetch_studbook.py,www.studbook.jp,/users/ja/Honba,200,0.21,1,
2026-08-31 14:20:19,fetch_pedigree.py,www.jbis.or.jp,/horse/0001375176/pedigree/,200,1.0,1,
2026-08-31 14:20:20,fetch_studbook.py,www.studbook.jp,/users/ja/Honba,200,0.27,1,
2026-08-31 14:20:21,fetch_pedigree.py,www.jbis.or.jp,/horse/0001369317/pedigree/,200,0.34,1,
2026-08-31 14:20:22,fetch_studbook.py,www.studbook.jp,/users/ja/Honba,200,0.23,1,
2026-08-31 14:20:23,fetch_pedigree.py,www.jbis.or.jp,/horse/0001371358/pedigree/,200,0.35,1,
2026-08-31 14:20:23,fetch_studbook.py,www.studbook.jp,/users/ja/Honba,200,0.23,1,
2026-08-31 14:20:24,fetch_studbook.py,www.studbook.jp,/users/ja/Honba,200,0.22,1,
2026-08-31 14:20:25,fetch_pedigree.py,www.jbis.or.jp,/horse/0001374126/pedigree/,200,0.6,1,
2026-08-31 14:20:26,fetch_studbook.py,www.studbook.jp,/users/ja/Honba,200,0.27,1,
2026-08-31 14:20:27,fetch_pedigree.py,www.jbis.or.jp,/horse/0001373128/pedigree/,200,0.37,1,
2026-08-31 14:20:28,fetch_studbook.py,www.studbook.jp,/users/ja/Honba,200,0.22,1,
2026-08-31 14:20:29,fetch_pedigree.py,www.jbis.or.jp,/horse/0001367359/pedigree/,200,0.37,1,
2026-08-31 14:20:29,fetch_studbook.py,www.studbook.jp,/users/ja/Honba,200,0.24,1,
2026-08-31 14:20:30,fetch_studbook.py,www.studbook.jp,/users/ja/Honba,200,0.25,1,
2026-08-31 14:20:31,fetch_pedigree.py,www.jbis.or.jp,/horse/0001375369/pedigree/,200,0.35,1,
2026-08-31 14:20:32,fetch_studbook.py,www.studbook.jp,/users/ja/Honba,200,0.24,1,
2026-08-31 14:20:32,fetch_pedigree.py,www.jbis.or.jp,/horse/0001372235/pedigree/,200,0.33,1,
2026-08-31 14:20:33,fetch_studbook.py,www.studbook.jp,/users/ja/Honba,200,0.23,1,
2026-08-31 14:20:34,fetch_pedigree.py,www.jbis.or.jp,/horse/0001378252/pedigree/,200,0.34,1,
2026-08-31 14:20:35,fetch_studbook.py,www.studbook.jp,/users/ja/Honba,200,0.23,1,
2026-08-31 14:20:36,fetch_pedigree.py,www.jbis.or.jp,/horse/0001374750/pedigree/,200,0.33,1,
2026-08-31 14:20:36,fetch_studbook.py,www.studbook.jp,/users/ja/Honba,200,0.2,1,
2026-08-31 14:20:38,fetch_studbook.py,www.studbook.jp,/users/ja/Honba,200,0.23,1,
2026-08-31 14:20:38,fetch_pedigree.py,www.jbis.or.jp,/horse/0001373682/pedigree/,200,0.34,1,
2026-08-31 14:20:39,fetch_studbook.py,www.studbook.jp,/users/ja/Honba,200,0.21,1,
2026-08-31 14:20:40,fetch_pedigree.py,www.jbis.or.jp,/horse/0001375140/pedigree/,200,0.39,1,
2026-08-31 14:20:40,fetch_studbook.py,www.studbook.jp,/users/ja/Honba,200,0.22,1,
2026-08-31 14:20:42,fetch_studbook.py,www.studbook.jp,/users/ja/Honba,200,0.22,1,
2026-08-31 14:20:42,fetch_pedigree.py,www.jbis.or.jp,/horse/0001375229/pedigree/,200,0.35,1,
2026-08-31 14:20:44,fetch_studbook.py,www.studbook.jp,/users/ja/Honba,200,0.23,1,
2026-08-31 14:20:44,fetch_pedigree.py,www.jbis.or.jp,/horse/0001375124/pedigree/,200,0.37,1,
2026-08-31 14:20:45,fetch_studbook.py,www.studbook.jp,/users/ja/Honba,200,0.27,1,
2026-08-31 14:20:46,fetch_pedigree.py,www.jbis.or.jp,/horse/0001369894/pedigree/,200,0.35,1,
2026-08-31 14:20:47,fetch_studbook.py,www.studbook.jp,/users/ja/Honba,200,0.2,1,
2026-08-31 14:20:48,fetch_pedigree.py,www.jbis.or.jp,/horse/0001375154/pedigree/,200,0.33,1,
2026-08-31 14:20:48,fetch_studbook.py,www.studbook.jp,/users/ja/Honba,200,0.23,1,
2026-08-31 14:20:50,fetch_pedigree.py,www.jbis.or.jp,/horse/0001378290/pedigree/,200,0.36,1,
2026-08-31 14:20:50,fetch_studbook.py,www.studbook.jp,/users/ja/Honba,200,0.24,1,
2026-08-31 14:20:51,fetch_studbook.py,www.studbook.jp,/users/ja/Honba,200,0.19,1,
2026-08-31 14:20:52,fetch_pedigree.py,www.jbis.or.jp,/horse/0001375704/pedigree/,200,0.34,1,
2026-08-31 14:20:52,fetch_studbook.py,www.studbook.jp,/users/ja/Honba,200,0.21,1,
2026-08-31 14:20:53,fetch_pedigree.py,www.jbis.or.jp,/horse/0001369921/pedigree/,200,0.38,1,
2026-08-31 14:20:54,fetch_studbook.py,www.studbook.jp,/users/ja/Honba,200,0.19,1,
2026-08-31 14:20:55,fetch_studbook.py,www.studbook.jp,/users/ja/Honba,200,0.19,1,
2026-08-31 14:20:55,fetch_pedigree.py,www.jbis.or.jp,/horse/0001375655/pedigree/,200,0.35,1,
2026-08-31 14:20:56,fetch_studbook.py,www.studbook.jp,/users/ja/Honba,200,0.19,1,
2026-08-31 14:20:57,fetch_pedigree.py,www.jbis.or.jp,/horse/0001370550/pedigree/,200,0.34,1,
2026-08-31 14:20:58,fetch_studbook.py,www.studbook.jp,/users/ja/Honba,200,0.19,1,
2026-08-31 14:20:59,fetch_studbook.py,www.studbook.jp,/users/ja/Honba,200,0.2,1,
2026-08-31 14:20:59,fetch_pedigree.py,www.jbis.or.jp,/horse/0001370645/pedigree/,200,0.6,1,
2026-08-31 14:21:00,fetch_studbook.py,www.studbook.jp,/users/ja/Honba,200,0.22,1,
2026-08-31 14:21:01,fetch_pedigree.py,www.jbis.or.jp,/horse/0001373642/pedigree/,200,0.37,1,
2026-08-31 14:21:02,fetch_studbook.py,www.studbook.jp,/users/ja/Honba,200,0.31,1,
2026-08-31 14:21:03,fetch_pedigree.py,www.jbis.or.jp,/horse/0001375499/pedigree/,200,0.38,1,
2026-08-31 14:21:03,fetch_studbook.py,www.studbook.jp,/users/ja/Honba,200,0.21,1,
2026-08-31 14:21:04,fetch_pedigree.py,www.jbis.or.jp,/horse/0001371879/pedigree/,200,0.32,1,
2026-08-31 14:21:05,fetch_studbook.py,www.studbook.jp,/users/ja/Honba,200,0.2,1,
2026-08-31 14:21:06,fetch_studbook.py,www.studbook.jp,/users/ja/Honba,200,0.22,1,
2026-08-31 14:21:07,fetch_pedigree.py,www.jbis.or.jp,/horse/0001373602/pedigree/,200,0.64,1,
2026-08-31 14:21:07,fetch_studbook.py,www.studbook.jp,/users/ja/Honba,200,0.17,1,
2026-08-31 14:21:09,fetch_studbook.py,www.studbook.jp,/users/ja/Honba,200,0.18,1,
2026-08-31 14:21:09,fetch_pedigree.py,www.jbis.or.jp,/horse/0001369156/pedigree/,200,0.37,1,
2026-08-31 14:21:10,fetch_studbook.py,www.studbook.jp,/users/ja/Honba,200,0.18,1,
2026-08-31 14:21:10,fetch_pedigree.py,www.jbis.or.jp,/horse/0001374327/pedigree/,200,0.35,1,
2026-08-31 14:21:12,fetch_studbook.py,www.studbook.jp,/users/ja/Honba,200,0.18,1,
2026-08-31 14:21:13,fetch_pedigree.py,www.jbis.or.jp,/horse/0001368148/pedigree/,200,0.4,1,
2026-08-31 14:21:13,fetch_studbook.py,www.studbook.jp,/users/ja/Honba,200,0.19,1,
2026-08-31 14:21:15,fetch_pedigree.py,www.jbis.or.jp,/horse/0001375540/pedigree/,200,0.36,1,
2026-08-31 14:21:15,fetch_studbook.py,www.studbook.jp,/users/ja/Honba,200,0.21,1,
2026-08-31 14:21:16,fetch_studbook.py,www.studbook.jp,/users/ja/Honba,200,0.17,1,
2026-08-31 14:21:16,fetch_pedigree.py,www.jbis.or.jp,/horse/0001389415/pedigree/,200,0.33,1,
2026-08-31 14:21:17,fetch_studbook.py,www.studbook.jp,/users/ja/Honba,200,0.19,1,
2026-08-31 14:21:19,fetch_pedigree.py,www.jbis.or.jp,/horse/0001394287/pedigree/,200,0.72,1,
2026-08-31 14:21:19,fetch_studbook.py,www.studbook.jp,/users/ja/Honba,200,0.18,1,
2026-08-31 14:21:20,fetch_studbook.py,www.studbook.jp,/users/ja/Honba,200,0.19,1,
2026-08-31 14:21:21,fetch_pedigree.py,www.jbis.or.jp,/horse/0001395072/pedigree/,200,0.34,1,
2026-08-31 14:21:22,fetch_studbook.py,www.studbook.jp,/users/ja/Honba,200,0.17,1,
2026-08-31 14:21:23,fetch_pedigree.py,www.jbis.or.jp,/horse/0001395320/pedigree/,200,0.94,1,
2026-08-31 14:21:23,fetch_studbook.py,www.studbook.jp,/users/ja/Honba,200,0.19,1,
2026-08-31 14:21:24,fetch_studbook.py,www.studbook.jp,/users/ja/Honba,200,0.2,1,
2026-08-31 14:21:25,fetch_pedigree.py,www.jbis.or.jp,/horse/0001394761/pedigree/,200,0.36,1,
2026-08-31 14:21:26,fetch_studbook.py,www.studbook.jp,/users/ja/Honba,200,0.2,1,
2026-08-31 14:21:27,fetch_pedigree.py,www.jbis.or.jp,/horse/0001393336/pedigree/,200,0.37,1,
2026-08-31 14:21:27,fetch_studbook.py,www.studbook.jp,/users/ja/Honba,200,0.22,1,
2026-08-31 14:21:29,fetch_studbook.py,www.studbook.jp,/users/ja/Honba,200,0.18,1,
2026-08-31 14:21:29,fetch_pedigree.py,www.jbis.or.jp,/horse/0001391434/pedigree/,200,0.38,1,
2026-08-31 14:21:30,fetch_studbook.py,www.studbook.jp,/users/ja/Honba,200,0.21,1,
2026-08-31 14:21:31,fetch_pedigree.py,www.jbis.or.jp,/horse/0001393420/pedigree/,200,0.33,1,
2026-08-31 14:21:31,fetch_studbook.py,www.studbook.jp,/users/ja/Honba,200,0.19,1,
2026-08-31 14:21:33,fetch_studbook.py,www.studbook.jp,/users/ja/Honba,200,0.21,1,
2026-08-31 14:21:33,fetch_pedigree.py,www.jbis.or.jp,/horse/0001395226/pedigree/,200,0.36,1,
2026-08-31 14:21:34,fetch_studbook.py,www.studbook.jp,/users/ja/Honba,200,0.16,1,
2026-08-31 14:21:35,fetch_pedigree.py,www.jbis.or.jp,/horse/0001394862/pedigree/,200,0.34,1,
2026-08-31 14:21:36,fetch_studbook.py,www.studbook.jp,/users/ja/Honba,200,0.17,1,
2026-08-31 14:21:37,fetch_pedigree.py,www.jbis.or.jp,/horse/0001395085/pedigree/,200,0.41,1,
2026-08-31 14:21:37,fetch_studbook.py,www.studbook.jp,/users/ja/Honba,200,0.18,1,
2026-08-31 14:21:39,fetch_studbook.py,www.studbook.jp,/users/ja/Honba,200,0.15,1,
2026-08-31 14:21:39,fetch_pedigree.py,www.jbis.or.jp,/horse/0001394796/pedigree/,200,0.34,1,
2026-08-31 14:21:40,fetch_studbook.py,www.studbook.jp,/users/ja/Honba,200,0.19,1,
2026-08-31 14:21:40,fetch_pedigree.py,www.jbis.or.jp,/horse/0001395087/pedigree/,200,0.34,1,
2026-08-31 14:21:41,fetch_studbook.py,www.studbook.jp,/users/ja/Honba,200,0.19,1,
2026-08-31 14:21:42,fetch_studbook.py,www.studbook.jp,/users/ja/Honba,200,0.15,1,
2026-08-31 14:21:43,fetch_pedigree.py,www.jbis.or.jp,/horse/0001394056/pedigree/,200,0.55,1,
2026-08-31 14:21:44,fetch_studbook.py,www.studbook.jp,/users/ja/Honba,200,0.16,1,
2026-08-31 14:21:44,fetch_pedigree.py,www.jbis.or.jp,/horse/0001393969/pedigree/,200,0.37,1,
2026-08-31 14:21:45,fetch_studbook.py,www.studbook.jp,/users/ja/Honba,200,0.14,1,
2026-08-31 14:21:46,fetch_pedigree.py,www.jbis.or.jp,/horse/0001388559/pedigree/,200,0.35,1,
2026-08-31 14:21:46,fetch_studbook.py,www.studbook.jp,/users/ja/Honba,200,0.15,1,
2026-08-31 14:21:48,fetch_studbook.py,www.studbook.jp,/users/ja/Honba,200,0.16,1,
2026-08-31 14:21:48,fetch_pedigree.py,www.jbis.or.jp,/horse/0001395009/pedigree/,200,0.33,1,
2026-08-31 14:21:49,fetch_studbook.py,www.studbook.jp,/users/ja/Honba,200,0.15,1,
2026-08-31 14:21:50,fetch_pedigree.py,www.jbis.or.jp,/horse/0001393038/pedigree/,200,0.35,1,
2026-08-31 14:21:51,fetch_studbook.py,www.studbook.jp,/users/ja/Honba,200,0.16,1,
2026-08-31 14:21:52,fetch_pedigree.py,www.jbis.or.jp,/horse/0001392315/pedigree/,200,0.35,1,
2026-08-31 14:21:52,fetch_studbook.py,www.studbook.jp,/users/ja/Honba,200,0.14,1,
2026-08-31 14:21:53,fetch_studbook.py,www.studbook.jp,/users/ja/Honba,200,0.16,1,
2026-08-31 14:21:54,fetch_pedigree.py,www.jbis.or.jp,/horse/0001394909/pedigree/,200,0.36,1,
2026-08-31 14:21:55,fetch_studbook.py,www.studbook.jp,/users/ja/Honba,200,0.15,1,
2026-08-31 14:21:56,fetch_pedigree.py,www.jbis.or.jp,/horse/0001394383/pedigree/,200,0.37,1,
2026-08-31 14:21:56,fetch_studbook.py,www.studbook.jp,/users/ja/Honba,200,0.14,1,
2026-08-31 14:21:57,fetch_pedigree.py,www.jbis.or.jp,/horse/0001393663/pedigree/,200,0.39,1,
2026-08-31 14:21:59,fetch_pedigree.py,www.jbis.or.jp,/horse/0001395132/pedigree/,200,0.34,1,
2026-08-31 14:22:02,fetch_pedigree.py,www.jbis.or.jp,/horse/0001389082/pedigree/,200,0.43,1,
2026-08-31 14:22:04,fetch_pedigree.py,www.jbis.or.jp,/horse/0001395081/pedigree/,200,0.35,1,
2026-08-31 14:22:06,fetch_pedigree.py,www.jbis.or.jp,/horse/0001395173/pedigree/,200,0.32,1,
2026-08-31 14:22:08,fetch_pedigree.py,www.jbis.or.jp,/horse/0001390649/pedigree/,200,0.6,1,
2026-08-31 14:22:10,fetch_pedigree.py,www.jbis.or.jp,/horse/0001388243/pedigree/,200,0.35,1,
2026-08-31 14:22:12,fetch_pedigree.py,www.jbis.or.jp,/horse/0001395229/pedigree/,200,0.74,1,
2026-08-31 14:22:14,fetch_pedigree.py,www.jbis.or.jp,/horse/0001396760/pedigree/,200,0.33,1,
2026-08-31 14:22:16,fetch_pedigree.py,www.jbis.or.jp,/horse/0001394871/pedigree/,200,0.32,1,
2026-08-31 14:22:18,fetch_pedigree.py,www.jbis.or.jp,/horse/0001394918/pedigree/,200,0.43,1,
2026-08-31 14:22:19,fetch_pedigree.py,www.jbis.or.jp,/horse/0001394356/pedigree/,200,0.37,1,
2026-08-31 14:22:21,fetch_pedigree.py,www.jbis.or.jp,/horse/0001395297/pedigree/,200,0.35,1,
2026-08-31 14:22:23,fetch_pedigree.py,www.jbis.or.jp,/horse/0001394278/pedigree/,200,0.38,1,
2026-08-31 14:22:25,fetch_pedigree.py,www.jbis.or.jp,/horse/0001387230/pedigree/,200,0.43,1,
2026-08-31 14:22:27,fetch_pedigree.py,www.jbis.or.jp,/horse/0001397048/pedigree/,200,0.79,1,
2026-08-31 14:22:30,fetch_pedigree.py,www.jbis.or.jp,/horse/0001394891/pedigree/,200,0.34,1,
2026-08-31 14:22:32,fetch_pedigree.py,www.jbis.or.jp,/horse/0001394832/pedigree/,200,0.36,1,
2026-08-31 14:22:34,fetch_pedigree.py,www.jbis.or.jp,/horse/0001394806/pedigree/,200,0.46,1,
2026-08-31 14:22:35,fetch_pedigree.py,www.jbis.or.jp,/horse/0001390922/pedigree/,200,0.37,1,
2026-08-31 14:22:38,fetch_pedigree.py,www.jbis.or.jp,/horse/0001395214/pedigree/,200,0.62,1,
2026-08-31 14:22:40,fetch_pedigree.py,www.jbis.or.jp,/horse/0001391602/pedigree/,200,0.36,1,
2026-08-31 14:22:42,fetch_pedigree.py,www.jbis.or.jp,/horse/0001392700/pedigree/,200,0.38,1,
2026-08-31 14:22:44,fetch_pedigree.py,www.jbis.or.jp,/horse/0001395028/pedigree/,200,0.37,1,
2026-08-31 14:22:45,fetch_pedigree.py,www.jbis.or.jp,/horse/0001392144/pedigree/,200,0.38,1,
2026-08-31 14:22:47,fetch_pedigree.py,www.jbis.or.jp,/horse/0001392110/pedigree/,200,0.33,1,
2026-08-31 14:22:49,fetch_pedigree.py,www.jbis.or.jp,/horse/0001393074/pedigree/,200,0.39,1,
2026-08-31 14:22:51,fetch_pedigree.py,www.jbis.or.jp,/horse/0001394302/pedigree/,200,0.35,1,
2026-08-31 14:22:53,fetch_pedigree.py,www.jbis.or.jp,/horse/0001390819/pedigree/,200,0.38,1,
2026-08-31 14:22:55,fetch_pedigree.py,www.jbis.or.jp,/horse/0001389659/pedigree/,200,0.36,1,
2026-08-31 14:22:57,fetch_pedigree.py,www.jbis.or.jp,/horse/0001394384/pedigree/,200,0.36,1,
2026-08-31 14:22:58,fetch_pedigree.py,www.jbis.or.jp,/horse/0001394859/pedigree/,200,0.35,1,
2026-08-31 14:23:01,fetch_pedigree.py,www.jbis.or.jp,/horse/0001395355/pedigree/,200,0.46,1,
2026-08-31 14:23:03,fetch_pedigree.py,www.jbis.or.jp,/horse/0001392612/pedigree/,200,0.53,1,
2026-08-31 14:23:04,fetch_pedigree.py,www.jbis.or.jp,/horse/0001395282/pedigree/,200,0.33,1,
2026-08-31 14:23:06,fetch_pedigree.py,www.jbis.or.jp,/horse/0001391233/pedigree/,200,0.4,1,
2026-08-31 14:23:08,fetch_pedigree.py,www.jbis.or.jp,/horse/0001390385/pedigree/,200,0.35,1,
2026-08-31 14:23:10,fetch_pedigree.py,www.jbis.or.jp,/horse/0001395151/pedigree/,200,0.44,1,
2026-08-31 14:23:12,fetch_pedigree.py,www.jbis.or.jp,/horse/0001394867/pedigree/,200,0.38,1,
2026-08-31 14:23:14,fetch_pedigree.py,www.jbis.or.jp,/horse/0001394810/pedigree/,200,0.89,1,
2026-08-31 14:23:16,fetch_pedigree.py,www.jbis.or.jp,/horse/0001395261/pedigree/,200,0.5,1,
2026-08-31 14:23:18,fetch_pedigree.py,www.jbis.or.jp,/horse/0001396686/pedigree/,200,0.36,1,
2026-08-31 14:23:20,fetch_pedigree.py,www.jbis.or.jp,/horse/0001395321/pedigree/,200,0.35,1,
2026-08-31 14:23:22,fetch_pedigree.py,www.jbis.or.jp,/horse/0001388015/pedigree/,200,0.34,1,
2026-08-31 14:23:24,fetch_pedigree.py,www.jbis.or.jp,/horse/0001391806/pedigree/,200,0.34,1,
2026-08-31 14:23:25,fetch_pedigree.py,www.jbis.or.jp,/horse/0001395268/pedigree/,200,0.36,1,
2026-08-31 14:23:28,fetch_pedigree.py,www.jbis.or.jp,/horse/0001395057/pedigree/,200,0.37,1,
2026-08-31 14:23:29,fetch_pedigree.py,www.jbis.or.jp,/horse/0001394799/pedigree/,200,0.37,1,
2026-08-31 14:23:31,fetch_pedigree.py,www.jbis.or.jp,/horse/0001395192/pedigree/,200,0.36,1,
2026-08-31 14:23:33,fetch_pedigree.py,www.jbis.or.jp,/horse/0001396762/pedigree/,200,0.35,1,
2026-08-31 14:23:35,fetch_pedigree.py,www.jbis.or.jp,/horse/0001396697/pedigree/,200,0.34,1,
2026-08-31 14:23:37,fetch_pedigree.py,www.jbis.or.jp,/horse/0001390880/pedigree/,200,0.36,1,
2026-08-31 14:23:39,fetch_pedigree.py,www.jbis.or.jp,/horse/0001388806/pedigree/,200,0.34,1,
2026-08-31 14:23:41,fetch_pedigree.py,www.jbis.or.jp,/horse/0001391011/pedigree/,200,0.36,1,
2026-08-31 14:23:42,fetch_pedigree.py,www.jbis.or.jp,/horse/0001394088/pedigree/,200,0.34,1,
2026-08-31 14:23:44,fetch_pedigree.py,www.jbis.or.jp,/horse/0001393082/pedigree/,200,0.34,1,
2026-08-31 14:23:46,fetch_pedigree.py,www.jbis.or.jp,/horse/0001394304/pedigree/,200,0.33,1,
2026-08-31 14:23:48,fetch_pedigree.py,www.jbis.or.jp,/horse/0001393325/pedigree/,200,0.34,1,
2026-08-31 14:23:50,fetch_pedigree.py,www.jbis.or.jp,/horse/0001395021/pedigree/,200,0.38,1,
2026-08-31 14:23:52,fetch_pedigree.py,www.jbis.or.jp,/horse/0001391721/pedigree/,200,0.36,1,
2026-08-31 14:23:54,fetch_pedigree.py,www.jbis.or.jp,/horse/0001395252/pedigree/,200,0.35,1,
2026-08-31 14:23:56,fetch_pedigree.py,www.jbis.or.jp,/horse/0001396726/pedigree/,200,0.39,1,
2026-08-31 14:23:57,fetch_pedigree.py,www.jbis.or.jp,/horse/0001394853/pedigree/,200,0.34,1,
2026-08-31 14:23:59,fetch_pedigree.py,www.jbis.or.jp,/horse/0001392113/pedigree/,200,0.34,1,
2026-08-31 14:24:01,fetch_pedigree.py,www.jbis.or.jp,/horse/0001396733/pedigree/,200,0.37,1,
2026-08-31 14:24:03,fetch_pedigree.py,www.jbis.or.jp,/horse/0001393510/pedigree/,200,0.51,1,
2026-08-31 14:24:05,fetch_pedigree.py,www.jbis.or.jp,/horse/0001396744/pedigree/,200,0.4,1,
2026-08-31 14:24:07,fetch_pedigree.py,www.jbis.or.jp,/horse/0001394083/pedigree/,200,0.35,1,
2026-08-31 14:24:08,fetch_pedigree.py,www.jbis.or.jp,/horse/0001395237/pedigree/,200,0.31,1,
2026-08-31 14:24:10,fetch_pedigree.py,www.jbis.or.jp,/horse/0001391899/pedigree/,200,0.32,1,
2026-08-31 14:24:12,fetch_pedigree.py,www.jbis.or.jp,/horse/0001396761/pedigree/,200,0.43,1,
2026-08-31 14:24:14,fetch_pedigree.py,www.jbis.or.jp,/horse/0001395287/pedigree/,200,0.37,1,
2026-08-31 14:24:16,fetch_pedigree.py,www.jbis.or.jp,/horse/0001394807/pedigree/,200,0.37,1,
2026-08-31 14:24:18,fetch_pedigree.py,www.jbis.or.jp,/horse/0001395116/pedigree/,200,0.42,1,
2026-08-31 14:24:19,fetch_pedigree.py,www.jbis.or.jp,/horse/0001395315/pedigree/,200,0.36,1,
2026-08-31 14:24:21,fetch_pedigree.py,www.jbis.or.jp,/horse/0001394803/pedigree/,200,0.33,1,
2026-08-31 14:24:23,fetch_pedigree.py,www.jbis.or.jp,/horse/0001394896/pedigree/,200,0.38,1,
2026-08-31 14:24:25,fetch_pedigree.py,www.jbis.or.jp,/horse/0001391776/pedigree/,200,0.35,1,
2026-08-31 14:24:27,fetch_pedigree.py,www.jbis.or.jp,/horse/0001394780/pedigree/,200,0.35,1,
2026-08-31 14:24:29,fetch_pedigree.py,www.jbis.or.jp,/horse/0001388515/pedigree/,200,0.35,1,
2026-08-31 14:24:31,fetch_pedigree.py,www.jbis.or.jp,/horse/0001390897/pedigree/,200,0.36,1,
2026-08-31 14:24:33,fetch_pedigree.py,www.jbis.or.jp,/horse/0001395129/pedigree/,200,0.36,1,
2026-08-31 14:24:35,fetch_pedigree.py,www.jbis.or.jp,/horse/0001395194/pedigree/,200,0.37,1,
2026-08-31 14:24:37,fetch_pedigree.py,www.jbis.or.jp,/horse/0001394260/pedigree/,200,0.35,1,
2026-08-31 14:24:39,fetch_pedigree.py,www.jbis.or.jp,/horse/0001388293/pedigree/,200,0.37,1,
2026-08-31 14:24:41,fetch_pedigree.py,www.jbis.or.jp,/horse/0001392797/pedigree/,200,0.38,1,
2026-08-31 14:24:43,fetch_pedigree.py,www.jbis.or.jp,/horse/0001388451/pedigree/,200,0.35,1,
2026-08-31 14:24:45,fetch_pedigree.py,www.jbis.or.jp,/horse/0001391772/pedigree/,200,0.38,1,
2026-08-31 14:24:46,fetch_pedigree.py,www.jbis.or.jp,/horse/0001394833/pedigree/,200,0.38,1,
2026-08-31 14:24:48,fetch_pedigree.py,www.jbis.or.jp,/horse/0001395299/pedigree/,200,0.36,1,
2026-08-31 14:24:50,fetch_pedigree.py,www.jbis.or.jp,/horse/0001392337/pedigree/,200,0.4,1,
2026-08-31 14:24:52,fetch_pedigree.py,www.jbis.or.jp,/horse/0001386601/pedigree/,200,0.4,1,
2026-08-31 14:24:54,fetch_pedigree.py,www.jbis.or.jp,/horse/0001386618/pedigree/,200,0.36,1,
2026-08-31 14:24:56,fetch_pedigree.py,www.jbis.or.jp,/horse/0001395208/pedigree/,200,0.37,1,
2026-08-31 14:24:58,fetch_pedigree.py,www.jbis.or.jp,/horse/0001395094/pedigree/,200,0.64,1,
2026-08-31 14:25:00,fetch_pedigree.py,www.jbis.or.jp,/horse/0001396763/pedigree/,200,0.43,1,
2026-08-31 14:25:02,fetch_pedigree.py,www.jbis.or.jp,/horse/0001391241/pedigree/,200,0.37,1,
2026-08-31 14:25:04,fetch_pedigree.py,www.jbis.or.jp,/horse/0001392676/pedigree/,200,0.37,1,
2026-08-31 14:25:06,fetch_pedigree.py,www.jbis.or.jp,/horse/0001395090/pedigree/,200,0.36,1,
2026-08-31 14:25:08,fetch_pedigree.py,www.jbis.or.jp,/horse/0001394471/pedigree/,200,0.4,1,
2026-08-31 14:25:10,fetch_pedigree.py,www.jbis.or.jp,/horse/0001391607/pedigree/,200,0.34,1,
2026-08-31 14:25:12,fetch_pedigree.py,www.jbis.or.jp,/horse/0001387497/pedigree/,200,0.32,1,
2026-08-31 14:25:13,fetch_pedigree.py,www.jbis.or.jp,/horse/0001394765/pedigree/,200,0.34,1,
2026-08-31 14:25:15,fetch_pedigree.py,www.jbis.or.jp,/horse/0001392782/pedigree/,200,0.38,1,
2026-08-31 14:25:17,fetch_pedigree.py,www.jbis.or.jp,/horse/0001396756/pedigree/,200,0.34,1,
2026-08-31 14:25:19,fetch_pedigree.py,www.jbis.or.jp,/horse/0001391120/pedigree/,200,0.35,1,
2026-08-31 14:25:21,fetch_pedigree.py,www.jbis.or.jp,/horse/0001388362/pedigree/,200,0.36,1,
2026-08-31 14:25:23,fetch_pedigree.py,www.jbis.or.jp,/horse/0001394259/pedigree/,200,0.38,1,
2026-08-31 14:25:25,fetch_pedigree.py,www.jbis.or.jp,/horse/0001389423/pedigree/,200,0.33,1,
2026-08-31 14:25:27,fetch_pedigree.py,www.jbis.or.jp,/horse/0001394321/pedigree/,200,0.41,1,
2026-08-31 14:25:29,fetch_pedigree.py,www.jbis.or.jp,/horse/0001390101/pedigree/,200,0.35,1,
2026-08-31 14:25:31,fetch_pedigree.py,www.jbis.or.jp,/horse/0001394878/pedigree/,200,0.35,1,
2026-08-31 14:25:33,fetch_pedigree.py,www.jbis.or.jp,/horse/0001392460/pedigree/,200,0.38,1,
2026-08-31 14:25:34,fetch_pedigree.py,www.jbis.or.jp,/horse/0001388217/pedigree/,200,0.35,1,
2026-08-31 14:25:36,fetch_pedigree.py,www.jbis.or.jp,/horse/0001388221/pedigree/,200,0.35,1,
2026-08-31 14:25:38,fetch_pedigree.py,www.jbis.or.jp,/horse/0001394087/pedigree/,200,0.38,1,
2026-08-31 14:25:40,fetch_pedigree.py,www.jbis.or.jp,/horse/0001395141/pedigree/,200,0.38,1,
2026-08-31 14:25:42,fetch_pedigree.py,www.jbis.or.jp,/horse/0001393267/pedigree/,200,0.33,1,
2026-08-31 14:25:44,fetch_pedigree.py,www.jbis.or.jp,/horse/0001394769/pedigree/,200,0.35,1,
2026-08-31 14:25:46,fetch_pedigree.py,www.jbis.or.jp,/horse/0001387767/pedigree/,200,0.35,1,
2026-08-31 14:25:48,fetch_pedigree.py,www.jbis.or.jp,/horse/0001394996/pedigree/,200,0.36,1,
2026-08-31 14:25:50,fetch_pedigree.py,www.jbis.or.jp,/horse/0001396765/pedigree/,200,0.34,1,
2026-08-31 14:25:51,fetch_pedigree.py,www.jbis.or.jp,/horse/0001394349/pedigree/,200,0.42,1,
2026-08-31 14:25:53,fetch_pedigree.py,www.jbis.or.jp,/horse/0001393642/pedigree/,200,0.41,1,
2026-08-31 14:25:55,fetch_pedigree.py,www.jbis.or.jp,/horse/0001394771/pedigree/,200,0.34,1,
2026-08-31 14:25:57,fetch_detail.py,db.netkeiba.com,/horse/2023106068/,200,0.43,1,
2026-08-31 14:26:03,fetch_detail.py,db.netkeiba.com,/horse/2023103676/,200,0.34,1,
2026-08-31 14:26:08,fetch_detail.py,db.netkeiba.com,/horse/2023105237/,200,0.46,1,
2026-08-31 14:26:15,fetch_detail.py,db.netkeiba.com,/horse/2023100472/,200,0.35,1,
2026-08-31 14:26:22,fetch_detail.py,db.netkeiba.com,/horse/2023104056/,200,0.46,1,
2026-08-31 14:26:27,fetch_detail.py,db.netkeiba.com,/horse/2023104857/,200,0.43,1,
2026-08-31 14:26:33,fetch_detail.py,db.netkeiba.com,/horse/2023104926/,200,0.34,1,
2026-08-31 14:26:40,fetch_detail.py,db.netkeiba.com,/horse/2023106187/,200,0.42,1,
2026-08-31 14:26:48,fetch_detail.py,db.netkeiba.com,/horse/2023105014/,200,0.33,1,
2026-08-31 14:26:54,fetch_detail.py,db.netkeiba.com,/horse/2023106902/,200,0.35,1,
2026-08-31 14:27:00,fetch_detail.py,db.netkeiba.com,/horse/2023103417/,200,0.39,1,
2026-08-31 14:27:06,fetch_detail.py,db.netkeiba.com,/horse/2023107359/,200,0.38,1,
2026-08-31 14:27:12,fetch_detail.py,db.netkeiba.com,/horse/2023100918/,200,0.46,1,
2026-08-31 14:27:17,fetch_detail.py,db.netkeiba.com,/horse/2023103081/,200,0.34,1,
2026-08-31 14:27:24,fetch_detail.py,db.netkeiba.com,/horse/2023106893/,200,0.32,1,
2026-08-31 14:27:30,fetch_detail.py,db.netkeiba.com,/horse/2023103199/,200,0.37,1,
2026-08-31 14:27:37,fetch_detail.py,db.netkeiba.com,/horse/2023106843/,200,0.43,1,
2026-08-31 14:27:42,fetch_detail.py,db.netkeiba.com,/horse/2023106910/,200,0.38,1,
2026-08-31 14:27:49,fetch_detail.py,db.netkeiba.com,/horse/2023105385/,200,0.43,1,
2026-08-31 14:27:55,fetch_detail.py,db.netkeiba.com,/horse/2023107403/,200,0.46,1,
2026-08-31 14:28:03,fetch_detail.py,db.netkeiba.com,/horse/2023103287/,200,0.37,1,
2026-08-31 14:28:10,fetch_detail.py,db.netkeiba.com,/horse/2023103370/,200,0.38,1,
2026-08-31 14:28:17,fetch_detail.py,db.netkeiba.com,/horse/2023103555/,200,0.48,1,
2026-08-31 14:28:24,fetch_detail.py,db.netkeiba.com,/horse/2023107048/,200,0.45,1,
2026-08-31 14:28:30,fetch_detail.py,db.netkeiba.com,/horse/2023103348/,200,0.36,1,
2026-08-31 14:28:35,fetch_detail.py,db.netkeiba.com,/horse/2023105404/,200,0.39,1,
2026-08-31 14:28:42,fetch_detail.py,db.netkeiba.com,/horse/2023104378/,200,0.35,1,
2026-08-31 14:28:48,fetch_detail.py,db.netkeiba.com,/horse/2023101050/,200,0.36,1,
2026-08-31 14:28:54,fetch_detail.py,db.netkeiba.com,/horse/2023105370/,200,0.35,1,
2026-08-31 14:29:02,fetch_detail.py,db.netkeiba.com,/horse/2023105004/,200,0.36,1,
2026-08-31 14:29:08,fetch_detail.py,db.netkeiba.com,/horse/2023104396/,200,0.47,1,
2026-08-31 14:29:15,fetch_detail.py,db.netkeiba.com,/horse/2023105064/,200,0.4,1,
2026-08-31 14:29:21,fetch_detail.py,db.netkeiba.com,/horse/2023105041/,200,0.34,1,
2026-08-31 14:29:28,fetch_detail.py,db.netkeiba.com,/horse/2023107094/,200,0.34,1,
2026-08-31 14:29:34,fetch_detail.py,db.netkeiba.com,/horse/2023105352/,200,0.45,1,
2026-08-31 14:29:42,fetch_detail.py,db.netkeiba.com,/horse/2023106084/,200,0.4,1,
2026-08-31 14:29:49,fetch_detail.py,db.netkeiba.com,/horse/2023107283/,200,0.39,1,
2026-08-31 14:29:56,fetch_detail.py,db.netkeiba.com,/horse/2023104063/,200,0.4,1,
2026-08-31 14:30:03,fetch_detail.py,db.netkeiba.com,/horse/2023106963/,200,0.35,1,
2026-08-31 14:30:10,fetch_detail.py,db.netkeiba.com,/horse/2023105378/,200,0.37,1,
2026-08-31 14:30:17,fetch_detail.py,db.netkeiba.com,/horse/2023105286/,200,0.37,1,
2026-08-31 14:30:24,fetch_detail.py,db.netkeiba.com,/horse/2023103170/,200,0.39,1,
2026-08-31 14:30:31,fetch_detail.py,db.netkeiba.com,/horse/2023107068/,200,0.34,1,
2026-08-31 14:30:38,fetch_detail.py,db.netkeiba.com,/horse/2023105643/,200,0.32,1,
2026-08-31 14:30:45,fetch_detail.py,db.netkeiba.com,/horse/2023105801/,200,0.34,1,
2026-08-31 14:30:52,fetch_detail.py,db.netkeiba.com,/horse/2023100177/,200,0.46,1,
2026-08-31 14:30:59,fetch_detail.py,db.netkeiba.com,/horse/2023105372/,200,0.34,1,
2026-08-31 14:31:06,fetch_detail.py,db.netkeiba.com,/horse/2023107114/,200,0.35,1,
2026-08-31 14:31:14,fetch_detail.py,db.netkeiba.com,/horse/2023103437/,200,0.43,1,
2026-08-31 14:31:19,fetch_detail.py,db.netkeiba.com,/horse/2023100603/,200,0.36,1,
2026-08-31 14:31:25,fetch_detail.py,db.netkeiba.com,/horse/2023103461/,200,0.37,1,
2026-08-31 14:31:31,fetch_detail.py,db.netkeiba.com,/horse/2023105358/,200,0.41,1,
2026-08-31 14:31:37,fetch_detail.py,db.netkeiba.com,/horse/2023105375/,200,0.4,1,
2026-08-31 14:31:43,fetch_detail.py,db.netkeiba.com,/horse/2023104885/,200,0.31,1,
2026-08-31 14:31:50,fetch_detail.py,db.netkeiba.com,/horse/2023103757/,200,0.39,1,
2026-08-31 14:31:58,fetch_detail.py,db.netkeiba.com,/horse/2023105300/,200,0.41,1,
2026-08-31 14:32:04,fetch_detail.py,db.netkeiba.com,/horse/2023100938/,200,0.47,1,
2026-08-31 14:32:11,fetch_detail.py,db.netkeiba.com,/horse/2023107229/,200,0.37,1,
2026-08-31 14:32:16,fetch_detail.py,db.netkeiba.com,/horse/2023104406/,200,0.48,1,
2026-08-31 14:32:24,fetch_detail.py,db.netkeiba.com,/horse/2023103462/,200,0.45,1,
2026-08-31 14:32:30,fetch_detail.py,db.netkeiba.com,/horse/2023103695/,200,0.45,1,
2026-08-31 14:32:37,fetch_detail.py,db.netkeiba.com,/horse/2023103457/,200,0.44,1,
2026-08-31 14:32:43,fetch_detail.py,db.netkeiba.com,/horse/2023104399/,200,0.36,1,
2026-08-31 14:32:50,fetch_detail.py,db.netkeiba.com,/horse/2023100913/,200,0.44,1,
2026-08-31 14:32:57,fetch_detail.py,db.netkeiba.com,/horse/2023105335/,200,0.38,1,
2026-08-31 14:33:03,fetch_detail.py,db.netkeiba.com,/horse/2023104387/,200,0.34,1,
2026-08-31 14:33:10,fetch_detail.py,db.netkeiba.com,/horse/2023100627/,200,0.37,1,
2026-08-31 14:33:17,fetch_detail.py,db.netkeiba.com,/horse/2023104418/,200,0.4,1,
2026-08-31 14:33:22,fetch_detail.py,db.netkeiba.com,/horse/2023105296/,200,0.37,1,
2026-08-31 14:33:29,fetch_detail.py,db.netkeiba.com,/horse/2023105789/,200,0.32,1,
2026-08-31 14:33:34,fetch_detail.py,db.netkeiba.com,/horse/2023105383/,200,0.37,1,
2026-08-31 14:33:41,fetch_detail.py,db.netkeiba.com,/horse/2023104690/,200,0.39,1,
2026-08-31 14:33:49,fetch_detail.py,db.netkeiba.com,/horse/2023102916/,200,0.46,1,
2026-08-31 14:33:56,fetch_detail.py,db.netkeiba.com,/horse/2023106716/,200,0.35,1,
2026-08-31 14:34:03,fetch_detail.py,db.netkeiba.com,/horse/2023107278/,200,0.43,1,
2026-08-31 14:34:09,fetch_detail.py,db.netkeiba.com,/horse/2023107238/,200,0.42,1,
2026-08-31 14:34:15,fetch_detail.py,db.netkeiba.com,/horse/2023102906/,200,0.32,1,
2026-08-31 14:34:22,fetch_detail.py,db.netkeiba.com,/horse/2023107004/,200,0.41,1,
2026-08-31 14:34:30,fetch_detail.py,db.netkeiba.com,/horse/2023106188/,200,0.4,1,
2026-08-31 14:34:35,fetch_detail.py,db.netkeiba.com,/horse/2023106148/,200,0.34,1,
2026-08-31 14:34:42,fetch_detail.py,db.netkeiba.com,/horse/2023100069/,200,0.37,1,
2026-08-31 14:34:50,fetch_detail.py,db.netkeiba.com,/horse/2023104552/,200,0.45,1,
2026-08-31 14:34:57,fetch_detail.py,db.netkeiba.com,/horse/2023104374/,200,0.34,1,
2026-08-31 14:35:02,fetch_detail.py,db.netkeiba.com,/horse/2023104380/,200,0.36,1,
2026-08-31 14:35:09,fetch_detail.py,db.netkeiba.com,/horse/2023106281/,200,0.42,1,
2026-08-31 14:35:16,fetch_detail.py,db.netkeiba.com,/horse/2023102808/,200,0.46,1,
2026-08-31 14:35:21,fetch_detail.py,db.netkeiba.com,/horse/2023104389/,200,0.39,1,
2026-08-31 14:35:28,fetch_detail.py,db.netkeiba.com,/horse/2023102172/,200,0.52,1,
2026-08-31 14:35:35,fetch_detail.py,db.netkeiba.com,/horse/2023105349/,200,0.38,1,
2026-08-31 14:35:42,fetch_detail.py,db.netkeiba.com,/horse/2023105593/,200,0.33,1,
2026-08-31 14:35:48,fetch_detail.py,db.netkeiba.com,/horse/2023107248/,200,0.35,1,
2026-08-31 14:35:54,fetch_detail.py,db.netkeiba.com,/horse/2023105371/,200,0.36,1,
2026-08-31 14:36:01,fetch_detail.py,db.netkeiba.com,/horse/2023106285/,200,0.41,1,
2026-08-31 14:36:08,fetch_detail.py,db.netkeiba.com,/horse/2023103531/,200,0.4,1,
2026-08-31 14:36:14,fetch_detail.py,db.netkeiba.com,/horse/2023100497/,200,0.29,1,
2026-08-31 14:36:21,fetch_detail.py,db.netkeiba.com,/horse/2023100804/,200,0.35,1,
2026-08-31 14:36:27,fetch_detail.py,db.netkeiba.com,/horse/2023105898/,200,0.38,1,
2026-08-31 14:36:34,fetch_detail.py,db.netkeiba.com,/horse/2023101702/,200,0.36,1,
2026-08-31 14:36:41,fetch_detail.py,db.netkeiba.com,/horse/2023104402/,200,0.37,1,
2026-08-31 14:36:47,fetch_detail.py,db.netkeiba.com,/horse/2023100732/,200,0.37,1,
2026-08-31 14:36:53,fetch_detail.py,db.netkeiba.com,/horse/2023100718/,200,0.37,1,
2026-08-31 14:36:59,fetch_detail.py,db.netkeiba.com,/horse/2023103075/,200,0.35,1,
2026-08-31 14:37:06,fetch_detail.py,db.netkeiba.com,/horse/2023103372/,200,0.43,1,
2026-08-31 14:37:13,fetch_detail.py,db.netkeiba.com,/horse/2023102088/,200,0.37,1,
2026-08-31 14:37:20,fetch_detail.py,db.netkeiba.com,/horse/2023103580/,200,0.36,1,
2026-08-31 14:37:27,fetch_detail.py,db.netkeiba.com,/horse/2023104405/,200,0.47,1,
2026-08-31 14:37:33,fetch_detail.py,db.netkeiba.com,/horse/2023101575/,200,0.42,1,
2026-08-31 14:37:39,fetch_detail.py,db.netkeiba.com,/horse/2023107164/,200,0.35,1,
2026-08-31 14:37:46,fetch_detail.py,db.netkeiba.com,/horse/2023107039/,200,0.4,1,
2026-08-31 14:37:52,fetch_detail.py,db.netkeiba.com,/horse/2023105216/,200,0.47,1,
2026-08-31 14:37:59,fetch_detail.py,db.netkeiba.com,/horse/2023102954/,200,0.35,1,
2026-08-31 14:38:06,fetch_detail.py,db.netkeiba.com,/horse/2023106795/,200,0.47,1,
2026-08-31 14:38:13,fetch_detail.py,db.netkeiba.com,/horse/2023103427/,200,0.41,1,
2026-08-31 14:38:22,fetch_detail.py,db.netkeiba.com,/horse/2023107105/,200,2.66,1,
2026-08-31 14:38:28,fetch_detail.py,db.netkeiba.com,/horse/2023103386/,200,0.44,1,
2026-08-31 14:38:34,fetch_detail.py,db.netkeiba.com,/horse/2023107297/,200,0.47,1,
2026-08-31 14:38:40,fetch_detail.py,db.netkeiba.com,/horse/2023104401/,200,0.41,1,
2026-08-31 14:38:47,fetch_detail.py,db.netkeiba.com,/horse/2023100107/,200,0.35,1,
2026-08-31 14:38:54,fetch_detail.py,db.netkeiba.com,/horse/2023106615/,200,0.37,1,
2026-08-31 14:39:01,fetch_detail.py,db.netkeiba.com,/horse/2023107341/,200,0.49,1,
2026-08-31 14:39:08,fetch_detail.py,db.netkeiba.com,/horse/2023107227/,200,0.39,1,
2026-08-31 14:39:14,fetch_detail.py,db.netkeiba.com,/horse/2023106617/,200,0.39,1,
2026-08-31 14:39:21,fetch_detail.py,db.netkeiba.com,/horse/2023106625/,200,0.54,1,
2026-08-31 14:39:28,fetch_detail.py,db.netkeiba.com,/horse/2023104600/,200,0.37,1,
2026-08-31 14:39:34,fetch_detail.py,db.netkeiba.com,/horse/2023103516/,200,0.36,1,
2026-08-31 14:39:40,fetch_detail.py,db.netkeiba.com,/horse/2023105793/,200,0.34,1,
2026-08-31 14:39:46,fetch_detail.py,db.netkeiba.com,/horse/2023104327/,200,0.41,1,
2026-08-31 14:39:51,fetch_detail.py,db.netkeiba.com,/horse/2023100972/,200,0.47,1,
2026-08-31 14:39:58,fetch_detail.py,db.netkeiba.com,/horse/2023103402/,200,0.38,1,
2026-08-31 14:40:05,fetch_detail.py,db.netkeiba.com,/horse/2023103903/,200,0.44,1,
2026-08-31 14:40:12,fetch_detail.py,db.netkeiba.com,/horse/2024106121/,200,0.33,1,
2026-08-31 14:40:19,fetch_detail.py,db.netkeiba.com,/horse/2024100428/,200,0.36,1,
2026-08-31 14:40:25,fetch_detail.py,db.netkeiba.com,/horse/2024106601/,200,0.32,1,
2026-08-31 14:40:31,fetch_detail.py,db.netkeiba.com,/horse/2024106612/,200,0.33,1,
2026-08-31 14:40:39,fetch_detail.py,db.netkeiba.com,/horse/2024106508/,200,0.35,1,
2026-08-31 14:40:45,fetch_detail.py,db.netkeiba.com,/horse/2024101781/,200,0.39,1,
2026-08-31 14:40:51,fetch_detail.py,db.netkeiba.com,/horse/2024104585/,200,0.37,1,
2026-08-31 14:40:58,fetch_detail.py,db.netkeiba.com,/horse/2024106970/,200,0.32,1,
2026-08-31 14:41:05,fetch_detail.py,db.netkeiba.com,/horse/2024106928/,200,0.45,1,
2026-08-31 14:41:12,fetch_detail.py,db.netkeiba.com,/horse/2024106927/,200,0.4,1,
2026-08-31 14:41:18,fetch_detail.py,db.netkeiba.com,/horse/2024106181/,200,0.36,1,
2026-08-31 14:41:24,fetch_detail.py,db.netkeiba.com,/horse/2024105493/,200,0.38,1,
2026-08-31 14:41:31,fetch_detail.py,db.netkeiba.com,/horse/2024106354/,200,0.38,1,
2026-08-31 14:41:38,fetch_detail.py,db.netkeiba.com,/horse/2024101927/,200,0.34,1,
2026-08-31 14:41:46,fetch_detail.py,db.netkeiba.com,/horse/2024101734/,200,0.35,1,
2026-08-31 14:41:52,fetch_detail.py,db.netkeiba.com,/horse/2024102338/,200,0.37,1,
2026-08-31 14:41:58,fetch_detail.py,db.netkeiba.com,/horse/2024106395/,200,0.36,1,
2026-08-31 14:42:05,fetch_detail.py,db.netkeiba.com,/horse/2024100037/,200,0.37,1,
2026-08-31 14:42:12,fetch_detail.py,db.netkeiba.com,/horse/2024100731/,200,0.34,1,
2026-08-31 14:42:19,fetch_detail.py,db.netkeiba.com,/horse/2024106605/,200,0.42,1,
2026-08-31 14:42:26,fetch_detail.py,db.netkeiba.com,/horse/2024103472/,200,0.32,1,
2026-08-31 14:42:33,fetch_detail.py,db.netkeiba.com,/horse/2024103456/,200,0.39,1,
2026-08-31 14:42:39,fetch_detail.py,db.netkeiba.com,/horse/2024100046/,200,0.43,1,
2026-08-31 14:42:45,fetch_detail.py,db.netkeiba.com,/horse/2024101771/,200,0.42,1,
2026-08-31 14:42:52,fetch_detail.py,db.netkeiba.com,/horse/2024106186/,200,0.35,1,
2026-08-31 14:42:59,fetch_detail.py,db.netkeiba.com,/horse/2024102310/,200,0.39,1,
2026-08-31 14:43:05,fetch_detail.py,db.netkeiba.com,/horse/2024104340/,200,0.33,1,
2026-08-31 14:43:11,fetch_detail.py,db.netkeiba.com,/horse/2024105812/,200,0.45,1,
2026-08-31 14:43:18,fetch_detail.py,db.netkeiba.com,/horse/2024105835/,200,0.44,1,
2026-08-31 14:43:25,fetch_detail.py,db.netkeiba.com,/horse/2024103457/,200,0.38,1,
2026-08-31 14:43:31,fetch_detail.py,db.netkeiba.com,/horse/2024104451/,200,0.34,1,
2026-08-31 14:43:37,fetch_detail.py,db.netkeiba.com,/horse/2024103466/,200,0.31,1,
2026-08-31 14:43:43,fetch_detail.py,db.netkeiba.com,/horse/2024105116/,200,0.45,1,
2026-08-31 14:43:50,fetch_detail.py,db.netkeiba.com,/horse/2024107196/,200,0.38,1,
2026-08-31 14:43:58,fetch_detail.py,db.netkeiba.com,/horse/2024102356/,200,0.37,1,
2026-08-31 14:44:04,fetch_detail.py,db.netkeiba.com,/horse/2024105856/,200,0.97,1,
2026-08-31 14:44:09,fetch_detail.py,db.netkeiba.com,/horse/2024100031/,200,0.34,1,
2026-08-31 14:44:16,fetch_detail.py,db.netkeiba.com,/horse/2024106565/,200,0.4,1,
2026-08-31 14:44:24,fetch_detail.py,db.netkeiba.com,/horse/2024100444/,200,0.36,1,
2026-08-31 14:44:29,fetch_detail.py,db.netkeiba.com,/horse/2024104348/,200,0.39,1,
2026-08-31 14:44:35,fetch_detail.py,db.netkeiba.com,/horse/2024103441/,200,0.34,1,
2026-08-31 14:44:41,fetch_detail.py,db.netkeiba.com,/horse/2024107155/,200,0.41,1,
2026-08-31 14:44:46,fetch_detail.py,db.netkeiba.com,/horse/2024105911/,200,0.36,1,
2026-08-31 14:44:53,fetch_detail.py,db.netkeiba.com,/horse/2024105108/,200,0.32,1,
2026-08-31 14:44:58,fetch_detail.py,db.netkeiba.com,/horse/2024104953/,200,0.37,1,
2026-08-31 14:45:03,fetch_detail.py,db.netkeiba.com,/horse/2024106192/,200,0.34,1,
2026-08-31 14:45:11,fetch_detail.py,db.netkeiba.com,/horse/2024105431/,200,0.5,1,
2026-08-31 14:45:17,fetch_detail.py,db.netkeiba.com,/horse/2024100022/,200,0.36,1,
2026-08-31 14:45:24,fetch_detail.py,db.netkeiba.com,/horse/2024100424/,200,0.41,1,
2026-08-31 14:45:30,fetch_detail.py,db.netkeiba.com,/horse/2024105878/,200,0.43,1,
2026-08-31 14:45:36,fetch_detail.py,db.netkeiba.com,/horse/2024101308/,200,0.31,1,
2026-08-31 14:45:43,fetch_detail.py,db.netkeiba.com,/horse/2024103470/,200,0.42,1,
2026-08-31 14:45:50,fetch_detail.py,db.netkeiba.com,/horse/2024106663/,200,0.4,1,
2026-08-31 14:45:56,fetch_detail.py,db.netkeiba.com,/horse/2024101991/,200,0.43,1,
2026-08-31 14:46:02,fetch_detail.py,db.netkeiba.com,/horse/2024105964/,200,0.42,1,
2026-08-31 14:46:07,fetch_detail.py,db.netkeiba.com,/horse/2024106558/,200,0.34,1,
2026-08-31 14:46:13,fetch_detail.py,db.netkeiba.com,/horse/2024102521/,200,0.32,1,
2026-08-31 14:46:21,fetch_detail.py,db.netkeiba.com,/horse/2024100992/,200,0.83,1,
2026-08-31 14:46:26,fetch_detail.py,db.netkeiba.com,/horse/2024101690/,200,0.32,1,
2026-08-31 14:46:33,fetch_detail.py,db.netkeiba.com,/horse/2024100017/,200,0.36,1,
2026-08-31 14:46:39,fetch_detail.py,db.netkeiba.com,/horse/2024101975/,200,0.34,1,
2026-08-31 14:46:46,fetch_detail.py,db.netkeiba.com,/horse/2024103476/,200,0.36,1,
2026-08-31 14:46:51,fetch_detail.py,db.netkeiba.com,/horse/2024101203/,200,0.36,1,
2026-08-31 14:46:57,fetch_detail.py,db.netkeiba.com,/horse/2024106615/,200,0.35,1,
2026-08-31 14:47:04,fetch_detail.py,db.netkeiba.com,/horse/2024103447/,200,0.38,1,
2026-08-31 14:47:10,fetch_detail.py,db.netkeiba.com,/horse/2024104576/,200,0.33,1,
2026-08-31 14:47:17,fetch_detail.py,db.netkeiba.com,/horse/2024103463/,200,0.41,1,
2026-08-31 14:47:24,fetch_detail.py,db.netkeiba.com,/horse/2024106874/,200,0.33,1,
2026-08-31 14:47:31,fetch_detail.py,db.netkeiba.com,/horse/2024104321/,200,0.29,1,
2026-08-31 14:47:38,fetch_detail.py,db.netkeiba.com,/horse/2024102231/,200,0.4,1,
2026-08-31 14:47:44,fetch_detail.py,db.netkeiba.com,/horse/2024105869/,200,0.4,1,
2026-08-31 14:47:50,fetch_detail.py,db.netkeiba.com,/horse/2024102271/,200,0.37,1,
2026-08-31 14:47:58,fetch_detail.py,db.netkeiba.com,/horse/2024106453/,200,0.37,1,
2026-08-31 14:48:04,fetch_detail.py,db.netkeiba.com,/horse/2024105118/,200,0.35,1,
2026-08-31 14:48:12,fetch_detail.py,db.netkeiba.com,/horse/2024105153/,200,0.37,1,
2026-08-31 14:48:18,fetch_detail.py,db.netkeiba.com,/horse/2024102941/,200,0.44,1,
2026-08-31 14:48:24,fetch_detail.py,db.netkeiba.com,/horse/2024106219/,200,0.4,1,
2026-08-31 14:48:31,fetch_detail.py,db.netkeiba.com,/horse/2024106649/,200,0.39,1,
2026-08-31 14:48:37,fetch_detail.py,db.netkeiba.com,/horse/2024101078/,200,0.31,1,
2026-08-31 14:48:43,fetch_detail.py,db.netkeiba.com,/horse/2024105979/,200,0.33,1,
2026-08-31 14:48:48,fetch_detail.py,db.netkeiba.com,/horse/2024105292/,200,0.42,1,
2026-08-31 14:48:55,fetch_detail.py,db.netkeiba.com,/horse/2024107306/,200,0.33,1,
2026-08-31 14:49:02,fetch_detail.py,db.netkeiba.com,/horse/2024103474/,200,0.33,1,
2026-08-31 14:49:09,fetch_detail.py,db.netkeiba.com,/horse/2024105776/,200,0.46,1,
2026-08-31 14:49:15,fetch_detail.py,db.netkeiba.com,/horse/2024100172/,200,0.34,1,
2026-08-31 14:49:22,fetch_detail.py,db.netkeiba.com,/horse/2024109090/,200,0.36,1,
2026-08-31 14:49:30,fetch_detail.py,db.netkeiba.com,/horse/2024101865/,200,0.42,1,
2026-08-31 14:49:37,fetch_detail.py,db.netkeiba.com,/horse/2024106170/,200,0.36,1,
2026-08-31 14:49:43,fetch_detail.py,db.netkeiba.com,/horse/2024103334/,200,0.42,1,
2026-08-31 14:49:50,fetch_detail.py,db.netkeiba.com,/horse/2024102884/,200,0.43,1,
2026-08-31 14:49:56,fetch_detail.py,db.netkeiba.com,/horse/2024101150/,200,0.39,1,
2026-08-31 14:50:01,fetch_detail.py,db.netkeiba.com,/horse/2024103486/,200,0.35,1,
2026-08-31 14:50:07,fetch_detail.py,db.netkeiba.com,/horse/2024106057/,200,0.35,1,
2026-08-31 14:50:14,fetch_detail.py,db.netkeiba.com,/horse/2024106308/,200,0.37,1,
2026-08-31 14:50:21,fetch_detail.py,db.netkeiba.com,/horse/2024106242/,200,0.39,1,
2026-08-31 14:50:27,fetch_detail.py,db.netkeiba.com,/horse/2024103485/,200,0.37,1,
2026-08-31 14:50:35,fetch_detail.py,db.netkeiba.com,/horse/2024107219/,200,0.43,1,
2026-08-31 14:50:42,fetch_detail.py,db.netkeiba.com,/horse/2024106547/,200,0.38,1,
2026-08-31 14:50:47,fetch_detail.py,db.netkeiba.com,/horse/2024106633/,200,0.3,1,
2026-08-31 14:50:54,fetch_detail.py,db.netkeiba.com,/horse/2024102312/,200,0.33,1,
2026-08-31 14:51:00,fetch_detail.py,db.netkeiba.com,/horse/2024100732/,200,0.28,1,
2026-08-31 14:51:07,fetch_detail.py,db.netkeiba.com,/horse/2024101981/,200,0.33,1,
2026-08-31 14:51:13,fetch_detail.py,db.netkeiba.com,/horse/2024105897/,200,0.32,1,
2026-08-31 14:51:20,fetch_detail.py,db.netkeiba.com,/horse/2024105385/,200,0.45,1,
2026-08-31 14:51:27,fetch_detail.py,db.netkeiba.com,/horse/2024106441/,200,0.32,1,
2026-08-31 14:51:34,fetch_detail.py,db.netkeiba.com,/horse/2024105156/,200,0.34,1,
2026-08-31 14:51:39,fetch_detail.py,db.netkeiba.com,/horse/2024105931/,200,0.32,1,
2026-08-31 14:51:44,fetch_detail.py,db.netkeiba.com,/horse/2024103445/,200,0.39,1,
2026-08-31 14:51:51,fetch_detail.py,db.netkeiba.com,/horse/2024101934/,200,0.35,1,
2026-08-31 14:51:58,fetch_detail.py,db.netkeiba.com,/horse/2024104867/,200,0.34,1,
2026-08-31 14:52:04,fetch_detail.py,db.netkeiba.com,/horse/2024106334/,200,0.3,1,
2026-08-31 14:52:10,fetch_detail.py,db.netkeiba.com,/horse/2024102885/,200,0.42,1,
2026-08-31 14:52:18,fetch_detail.py,db.netkeiba.com,/horse/2024104231/,200,0.42,1,
2026-08-31 14:52:24,fetch_detail.py,db.netkeiba.com,/horse/2024103011/,200,0.46,1,
2026-08-31 14:52:30,fetch_detail.py,db.netkeiba.com,/horse/2024106036/,200,0.31,1,
2026-08-31 14:52:37,fetch_detail.py,db.netkeiba.com,/horse/2024105273/,200,0.37,1,
2026-08-31 14:52:43,fetch_detail.py,db.netkeiba.com,/horse/2024106926/,200,0.35,1,
2026-08-31 14:52:50,fetch_detail.py,db.netkeiba.com,/horse/2024104299/,200,0.37,1,
2026-08-31 14:52:56,fetch_detail.py,db.netkeiba.com,/horse/2024100726/,200,0.42,1,
2026-08-31 14:53:04,fetch_detail.py,db.netkeiba.com,/horse/2024101967/,200,0.34,1,
2026-08-31 14:53:10,fetch_detail.py,db.netkeiba.com,/horse/2024104452/,200,0.7,1,
2026-08-31 14:53:17,fetch_detail.py,db.netkeiba.com,/horse/2024103454/,200,0.34,1,
2026-08-31 14:53:22,fetch_detail.py,db.netkeiba.com,/horse/2024100763/,200,0.4,1,
2026-08-31 14:53:28,fetch_detail.py,db.netkeiba.com,/horse/2024105755/,200,0.37,1,
2026-08-31 14:53:34,fetch_detail.py,db.netkeiba.com,/horse/2024102217/,200,0.34,1,
2026-08-31 14:53:40,fetch_detail.py,db.netkeiba.com,/horse/2024105381/,200,0.33,1,
2026-08-31 14:53:46,fetch_detail.py,db.netkeiba.com,/horse/2024100111/,200,0.4,1,
2026-08-31 14:53:52,fetch_detail.py,db.netkeiba.com,/horse/2024103902/,200,0.34,1,
2026-08-31 14:54:00,fetch_detail.py,db.netkeiba.com,/horse/2024105824/,200,0.37,1,
2026-08-31 14:54:07,fetch_detail.py,db.netkeiba.com,/horse/2024107175/,200,0.35,1,
2026-08-31 14:54:12,fetch_detail.py,db.netkeiba.com,/horse/2024101400/,200,0.34,1,
2026-08-31 14:54:18,fetch_detail.py,db.netkeiba.com,/horse/2024103469/,200,0.34,1,
2026-08-31 14:54:25,fetch_detail.py,db.netkeiba.com,/horse/2024106355/,200,0.32,1,
2026-08-31 14:54:30,fetch_detail.py,db.netkeiba.com,/horse/2024103244/,200,0.4,1,
2026-08-31 14:54:37,fetch_detail.py,db.netkeiba.com,/horse/2024107236/,200,0.31,1,
2026-08-31 14:54:44,fetch_detail.py,db.netkeiba.com,/horse/2024103490/,200,0.34,1,
2026-08-31 14:54:50,fetch_detail.py,db.netkeiba.com,/horse/2024105256/,200,0.32,1,
2026-08-31 14:54:57,fetch_detail.py,db.netkeiba.com,/horse/2024106172/,200,0.41,1,
2026-08-31 14:55:03,fetch_detail.py,db.netkeiba.com,/horse/2024106212/,200,0.37,1,
2026-08-31 14:55:10,fetch_detail.py,db.netkeiba.com,/horse/2024101228/,200,0.42,1,
2026-08-31 14:55:15,fetch_detail.py,db.netkeiba.com,/horse/2024104574/,200,0.42,1,
2026-08-31 14:55:22,fetch_detail.py,db.netkeiba.com,/horse/2024102218/,200,0.41,1,
2026-08-31 14:55:29,fetch_detail.py,db.netkeiba.com,/horse/2024103444/,200,0.38,1,
2026-08-31 14:55:36,fetch_detail.py,db.netkeiba.com,/horse/2024102476/,200,0.34,1,
2026-08-31 14:55:42,fetch_detail.py,db.netkeiba.com,/horse/2024102481/,200,0.32,1,
2026-08-31 14:55:49,fetch_detail.py,db.netkeiba.com,/horse/2024100457/,200,0.31,1,
2026-08-31 14:55:56,fetch_detail.py,db.netkeiba.com,/horse/2023106068/,200,0.39,1,
2026-08-31 14:56:02,fetch_detail.py,db.netkeiba.com,/horse/2023103676/,200,0.36,1,
2026-08-31 14:56:07,fetch_detail.py,db.netkeiba.com,/horse/2023105237/,200,0.39,1,
2026-08-31 14:56:13,fetch_detail.py,db.netkeiba.com,/horse/2023100472/,200,0.35,1,
2026-08-31 14:56:19,fetch_detail.py,db.netkeiba.com,/horse/2023104056/,200,0.38,1,
2026-08-31 14:56:25,fetch_detail.py,db.netkeiba.com,/horse/2023104857/,200,0.4,1,
2026-08-31 14:56:31,fetch_detail.py,db.netkeiba.com,/horse/2023104926/,200,0.44,1,
2026-08-31 14:56:38,fetch_detail.py,db.netkeiba.com,/horse/2023106187/,200,0.41,1,
2026-08-31 14:56:43,fetch_detail.py,db.netkeiba.com,/horse/2023105014/,200,0.35,1,
2026-08-31 14:56:49,fetch_detail.py,db.netkeiba.com,/horse/2023106902/,200,0.33,1,
2026-08-31 14:56:56,fetch_detail.py,db.netkeiba.com,/horse/2023103417/,200,0.32,1,
2026-08-31 14:57:02,fetch_detail.py,db.netkeiba.com,/horse/2023107359/,200,0.4,1,
2026-08-31 14:57:09,fetch_detail.py,db.netkeiba.com,/horse/2023100918/,200,0.36,1,
2026-08-31 14:57:17,fetch_detail.py,db.netkeiba.com,/horse/2023103081/,200,0.39,1,
2026-08-31 14:57:22,fetch_detail.py,db.netkeiba.com,/horse/2023106893/,200,0.35,1,
2026-08-31 14:57:28,fetch_detail.py,db.netkeiba.com,/horse/2023103199/,200,0.4,1,
2026-08-31 14:57:35,fetch_detail.py,db.netkeiba.com,/horse/2023106843/,200,0.34,1,
2026-08-31 14:57:42,fetch_detail.py,db.netkeiba.com,/horse/2023106910/,200,0.4,1,
2026-08-31 14:57:47,fetch_detail.py,db.netkeiba.com,/horse/2023105385/,200,0.35,1,
2026-08-31 14:57:53,fetch_detail.py,db.netkeiba.com,/horse/2023107403/,200,0.4,1,
2026-08-31 14:58:01,fetch_detail.py,db.netkeiba.com,/horse/2023103287/,200,0.33,1,
2026-08-31 14:58:08,fetch_detail.py,db.netkeiba.com,/horse/2023103370/,200,0.35,1,
2026-08-31 14:58:14,fetch_detail.py,db.netkeiba.com,/horse/2023103555/,200,0.33,1,
2026-08-31 14:58:22,fetch_detail.py,db.netkeiba.com,/horse/2023107048/,200,0.37,1,
2026-08-31 14:58:27,fetch_detail.py,db.netkeiba.com,/horse/2023103348/,200,0.36,1,
2026-08-31 14:58:33,fetch_detail.py,db.netkeiba.com,/horse/2023105404/,200,0.41,1,
2026-08-31 14:58:39,fetch_detail.py,db.netkeiba.com,/horse/2023104378/,200,0.39,1,
2026-08-31 14:58:46,fetch_detail.py,db.netkeiba.com,/horse/2023101050/,200,0.33,1,
2026-08-31 14:58:53,fetch_detail.py,db.netkeiba.com,/horse/2023105370/,200,0.3,1,
2026-08-31 14:59:00,fetch_detail.py,db.netkeiba.com,/horse/2023105004/,200,0.4,1,
2026-08-31 14:59:06,fetch_detail.py,db.netkeiba.com,/horse/2023104396/,200,0.4,1,
2026-08-31 14:59:13,fetch_detail.py,db.netkeiba.com,/horse/2023105064/,200,0.33,1,
2026-08-31 14:59:20,fetch_detail.py,db.netkeiba.com,/horse/2023105041/,200,0.42,1,
2026-08-31 14:59:25,fetch_detail.py,db.netkeiba.com,/horse/2023107094/,200,0.36,1,
2026-08-31 14:59:31,fetch_detail.py,db.netkeiba.com,/horse/2023105352/,200,0.36,1,
2026-08-31 14:59:38,fetch_detail.py,db.netkeiba.com,/horse/2023106084/,200,0.35,1,
2026-08-31 14:59:45,fetch_detail.py,db.netkeiba.com,/horse/2023107283/,200,0.41,1,
2026-08-31 14:59:51,fetch_detail.py,db.netkeiba.com,/horse/2023104063/,200,0.41,1,
2026-08-31 14:59:57,fetch_detail.py,db.netkeiba.com,/horse/2023106963/,200,0.32,1,
2026-08-31 15:00:05,fetch_detail.py,db.netkeiba.com,/horse/2023105378/,200,0.35,1,
2026-08-31 15:00:11,fetch_detail.py,db.netkeiba.com,/horse/2023105286/,200,0.34,1,
2026-08-31 15:00:17,fetch_detail.py,db.netkeiba.com,/horse/2023103170/,200,0.38,1,
2026-08-31 15:00:23,fetch_detail.py,db.netkeiba.com,/horse/2023107068/,200,0.32,1,
2026-08-31 15:00:29,fetch_detail.py,db.netkeiba.com,/horse/2023105643/,200,0.44,1,
2026-08-31 15:00:35,fetch_detail.py,db.netkeiba.com,/horse/2023105801/,200,0.32,1,
2026-08-31 15:00:42,fetch_detail.py,db.netkeiba.com,/horse/2023100177/,200,0.36,1,
2026-08-31 15:00:49,fetch_detail.py,db.netkeiba.com,/horse/2023105372/,200,0.38,1,
2026-08-31 15:00:55,fetch_detail.py,db.netkeiba.com,/horse/2023107114/,200,0.4,1,
2026-08-31 15:01:01,fetch_detail.py,db.netkeiba.com,/horse/2023103437/,200,0.34,1,
2026-08-31 15:01:07,fetch_detail.py,db.netkeiba.com,/horse/2023100603/,200,0.4,1,
2026-08-31 15:01:13,fetch_detail.py,db.netkeiba.com,/horse/2023103461/,200,0.36,1,
2026-08-31 15:01:20,fetch_detail.py,db.netkeiba.com,/horse/2023105358/,200,0.42,1,
2026-08-31 15:01:28,fetch_detail.py,db.netkeiba.com,/horse/2023105375/,200,0.82,1,
2026-08-31 15:01:34,fetch_detail.py,db.netkeiba.com,/horse/2023104885/,200,0.4,1,
2026-08-31 15:01:40,fetch_detail.py,db.netkeiba.com,/horse/2023103757/,200,0.36,1,
2026-08-31 15:01:47,fetch_detail.py,db.netkeiba.com,/horse/2023105300/,200,0.38,1,
2026-08-31 15:01:54,fetch_detail.py,db.netkeiba.com,/horse/2023100938/,200,0.36,1,
2026-08-31 15:02:00,fetch_detail.py,db.netkeiba.com,/horse/2023107229/,200,0.42,1,
2026-08-31 15:02:06,fetch_detail.py,db.netkeiba.com,/horse/2023104406/,200,0.38,1,
2026-08-31 15:02:12,fetch_detail.py,db.netkeiba.com,/horse/2023103462/,200,0.34,1,
2026-08-31 15:02:18,fetch_detail.py,db.netkeiba.com,/horse/2023103695/,200,0.34,1,
2026-08-31 15:02:23,fetch_detail.py,db.netkeiba.com,/horse/2023103457/,200,0.34,1,
2026-08-31 15:02:29,fetch_detail.py,db.netkeiba.com,/horse/2023104399/,200,0.36,1,
2026-08-31 15:02:35,fetch_detail.py,db.netkeiba.com,/horse/2023100913/,200,0.38,1,
2026-08-31 15:02:41,fetch_detail.py,db.netkeiba.com,/horse/2023105335/,200,0.45,1,
2026-08-31 15:02:47,fetch_detail.py,db.netkeiba.com,/horse/2023104387/,200,0.4,1,
2026-08-31 15:02:53,fetch_detail.py,db.netkeiba.com,/horse/2023100627/,200,0.35,1,
2026-08-31 15:03:00,fetch_detail.py,db.netkeiba.com,/horse/2023104418/,200,0.4,1,
2026-08-31 15:03:06,fetch_detail.py,db.netkeiba.com,/horse/2023105296/,200,0.37,1,
2026-08-31 15:03:14,fetch_detail.py,db.netkeiba.com,/horse/2023105789/,200,0.34,1,
2026-08-31 15:03:21,fetch_detail.py,db.netkeiba.com,/horse/2023105383/,200,0.39,1,
2026-08-31 15:03:26,fetch_detail.py,db.netkeiba.com,/horse/2023104690/,200,0.29,1,
2026-08-31 15:03:33,fetch_detail.py,db.netkeiba.com,/horse/2023102916/,200,0.31,1,
2026-08-31 15:03:38,fetch_detail.py,db.netkeiba.com,/horse/2023106716/,200,0.4,1,
2026-08-31 15:03:44,fetch_detail.py,db.netkeiba.com,/horse/2023107278/,200,0.33,1,
2026-08-31 15:03:50,fetch_detail.py,db.netkeiba.com,/horse/2023107238/,200,0.32,1,
2026-08-31 15:03:55,fetch_detail.py,db.netkeiba.com,/horse/2023102906/,200,0.36,1,
2026-08-31 15:04:03,fetch_detail.py,db.netkeiba.com,/horse/2023107004/,200,0.4,1,
2026-08-31 15:04:08,fetch_detail.py,db.netkeiba.com,/horse/2023106188/,200,0.31,1,
2026-08-31 15:04:15,fetch_detail.py,db.netkeiba.com,/horse/2023106148/,200,0.33,1,
2026-08-31 15:04:21,fetch_detail.py,db.netkeiba.com,/horse/2023100069/,200,0.42,1,
2026-08-31 15:04:27,fetch_detail.py,db.netkeiba.com,/horse/2023104552/,200,0.4,1,
2026-08-31 15:04:34,fetch_detail.py,db.netkeiba.com,/horse/2023104374/,200,0.31,1,
2026-08-31 15:04:40,fetch_detail.py,db.netkeiba.com,/horse/2023104380/,200,0.33,1,
2026-08-31 15:04:48,fetch_detail.py,db.netkeiba.com,/horse/2023106281/,200,0.41,1,
2026-08-31 15:04:53,fetch_detail.py,db.netkeiba.com,/horse/2023102808/,200,0.29,1,
2026-08-31 15:05:00,fetch_detail.py,db.netkeiba.com,/horse/2023104389/,200,0.32,1,
2026-08-31 15:05:06,fetch_detail.py,db.netkeiba.com,/horse/2023102172/,200,0.33,1,
2026-08-31 15:05:12,fetch_detail.py,db.netkeiba.com,/horse/2023105349/,200,0.33,1,
2026-08-31 15:05:19,fetch_detail.py,db.netkeiba.com,/horse/2023105593/,200,0.36,1,
2026-08-31 15:05:25,fetch_detail.py,db.netkeiba.com,/horse/2023107248/,200,0.34,1,
2026-08-31 15:05:31,fetch_detail.py,db.netkeiba.com,/horse/2023105371/,200,0.42,1,
2026-08-31 15:05:39,fetch_detail.py,db.netkeiba.com,/horse/2023106285/,200,0.33,1,
2026-08-31 15:05:46,fetch_detail.py,db.netkeiba.com,/horse/2023103531/,200,0.32,1,
2026-08-31 15:05:51,fetch_detail.py,db.netkeiba.com,/horse/2023100497/,200,0.36,1,
2026-08-31 15:05:59,fetch_detail.py,db.netkeiba.com,/horse/2023100804/,200,0.39,1,
2026-08-31 15:06:04,fetch_detail.py,db.netkeiba.com,/horse/2023105898/,200,0.43,1,
2026-08-31 15:06:12,fetch_detail.py,db.netkeiba.com,/horse/2023101702/,200,0.76,1,
2026-08-31 15:06:18,fetch_detail.py,db.netkeiba.com,/horse/2023104402/,200,0.41,1,
2026-08-31 15:06:23,fetch_detail.py,db.netkeiba.com,/horse/2023100732/,200,0.38,1,
2026-08-31 15:06:30,fetch_detail.py,db.netkeiba.com,/horse/2023100718/,200,0.39,1,
2026-08-31 15:06:37,fetch_detail.py,db.netkeiba.com,/horse/2023103075/,200,0.66,1,
2026-08-31 15:06:44,fetch_detail.py,db.netkeiba.com,/horse/2023103372/,200,0.33,1,
2026-08-31 15:06:50,fetch_detail.py,db.netkeiba.com,/horse/2023102088/,200,0.31,1,
2026-08-31 15:06:57,fetch_detail.py,db.netkeiba.com,/horse/2023103580/,200,0.38,1,
2026-08-31 15:07:04,fetch_detail.py,db.netkeiba.com,/horse/2023104405/,200,0.37,1,
2026-08-31 15:07:10,fetch_detail.py,db.netkeiba.com,/horse/2023101575/,200,0.33,1,
2026-08-31 15:07:16,fetch_detail.py,db.netkeiba.com,/horse/2023107164/,200,0.34,1,
2026-08-31 15:07:24,fetch_detail.py,db.netkeiba.com,/horse/2023107039/,200,0.37,1,
2026-08-31 15:07:30,fetch_detail.py,db.netkeiba.com,/horse/2023105216/,200,0.37,1,
2026-08-31 15:07:37,fetch_detail.py,db.netkeiba.com,/horse/2023102954/,200,0.35,1,
2026-08-31 15:07:43,fetch_detail.py,db.netkeiba.com,/horse/2023106795/,200,0.34,1,
2026-08-31 15:07:50,fetch_detail.py,db.netkeiba.com,/horse/2023103427/,200,0.31,1,
2026-08-31 15:07:57,fetch_detail.py,db.netkeiba.com,/horse/2023107105/,200,0.33,1,
2026-08-31 15:08:03,fetch_detail.py,db.netkeiba.com,/horse/2023103386/,200,0.33,1,
2026-08-31 15:08:10,fetch_detail.py,db.netkeiba.com,/horse/2023107297/,200,0.37,1,
2026-08-31 15:08:15,fetch_detail.py,db.netkeiba.com,/horse/2023104401/,200,0.32,1,
2026-08-31 15:08:23,fetch_detail.py,db.netkeiba.com,/horse/2023100107/,200,0.38,1,
2026-08-31 15:08:29,fetch_detail.py,db.netkeiba.com,/horse/2023106615/,200,0.32,1,
2026-08-31 15:08:35,fetch_detail.py,db.netkeiba.com,/horse/2023107341/,200,0.33,1,
2026-08-31 15:08:41,fetch_detail.py,db.netkeiba.com,/horse/2023107227/,200,0.39,1,
2026-08-31 15:08:47,fetch_detail.py,db.netkeiba.com,/horse/2023106617/,200,0.35,1,
2026-08-31 15:08:53,fetch_detail.py,db.netkeiba.com,/horse/2023106625/,200,0.37,1,
2026-08-31 15:08:58,fetch_detail.py,db.netkeiba.com,/horse/2023104600/,200,0.33,1,
2026-08-31 15:09:04,fetch_detail.py,db.netkeiba.com,/horse/2023103516/,200,0.35,1,
2026-08-31 15:09:11,fetch_detail.py,db.netkeiba.com,/horse/2023105793/,200,0.37,1,
2026-08-31 15:09:17,fetch_detail.py,db.netkeiba.com,/horse/2023104327/,200,0.37,1,
2026-08-31 15:09:23,fetch_detail.py,db.netkeiba.com,/horse/2023100972/,200,0.36,1,
2026-08-31 15:09:30,fetch_detail.py,db.netkeiba.com,/horse/2023103402/,200,0.37,1,
2026-08-31 15:09:35,fetch_detail.py,db.netkeiba.com,/horse/2023103903/,200,0.31,1,
2026-08-31 15:09:41,fetch_detail.py,db.netkeiba.com,/horse/2024106121/,200,0.42,1,
2026-08-31 15:09:47,fetch_detail.py,db.netkeiba.com,/horse/2024100428/,200,0.37,1,
2026-08-31 15:09:53,fetch_detail.py,db.netkeiba.com,/horse/2024106601/,200,0.3,1,
2026-08-31 15:10:00,fetch_detail.py,db.netkeiba.com,/horse/2024106612/,200,0.36,1,
2026-08-31 15:10:06,fetch_detail.py,db.netkeiba.com,/horse/2024106508/,200,0.34,1,
2026-08-31 15:10:11,fetch_detail.py,db.netkeiba.com,/horse/2024101781/,200,0.39,1,
2026-08-31 15:10:16,fetch_detail.py,db.netkeiba.com,/horse/2024104585/,200,0.38,1,
2026-08-31 15:10:22,fetch_detail.py,db.netkeiba.com,/horse/2024106970/,200,0.35,1,
2026-08-31 15:10:29,fetch_detail.py,db.netkeiba.com,/horse/2024106928/,200,0.39,1,
2026-08-31 15:10:35,fetch_detail.py,db.netkeiba.com,/horse/2024106927/,200,0.33,1,
2026-08-31 15:10:42,fetch_detail.py,db.netkeiba.com,/horse/2024106181/,200,0.38,1,
2026-08-31 15:10:48,fetch_detail.py,db.netkeiba.com,/horse/2024105493/,200,0.34,1,
2026-08-31 15:10:55,fetch_detail.py,db.netkeiba.com,/horse/2024106354/,200,0.36,1,
2026-08-31 15:11:01,fetch_detail.py,db.netkeiba.com,/horse/2024101927/,200,0.36,1,
2026-08-31 15:11:07,fetch_detail.py,db.netkeiba.com,/horse/2024101734/,200,0.37,1,
2026-08-31 15:11:14,fetch_detail.py,db.netkeiba.com,/horse/2024102338/,200,0.41,1,
2026-08-31 15:11:21,fetch_detail.py,db.netkeiba.com,/horse/2024106395/,200,0.35,1,
2026-08-31 15:11:28,fetch_detail.py,db.netkeiba.com,/horse/2024100037/,200,0.36,1,
2026-08-31 15:11:34,fetch_detail.py,db.netkeiba.com,/horse/2024100731/,200,0.4,1,
2026-08-31 15:11:40,fetch_detail.py,db.netkeiba.com,/horse/2024106605/,200,0.34,1,
2026-08-31 15:11:46,fetch_detail.py,db.netkeiba.com,/horse/2024103472/,200,0.37,1,
2026-08-31 15:11:53,fetch_detail.py,db.netkeiba.com,/horse/2024103456/,200,0.35,1,
2026-08-31 15:12:01,fetch_detail.py,db.netkeiba.com,/horse/2024100046/,200,0.34,1,
2026-08-31 15:12:06,fetch_detail.py,db.netkeiba.com,/horse/2024101771/,200,0.39,1,
2026-08-31 15:12:12,fetch_detail.py,db.netkeiba.com,/horse/2024106186/,200,0.33,1,
2026-08-31 15:12:18,fetch_detail.py,db.netkeiba.com,/horse/2024102310/,200,0.29,1,
2026-08-31 15:12:25,fetch_detail.py,db.netkeiba.com,/horse/2024104340/,200,0.32,1,
2026-08-31 15:12:31,fetch_detail.py,db.netkeiba.com,/horse/2024105812/,200,0.38,1,
2026-08-31 15:12:37,fetch_detail.py,db.netkeiba.com,/horse/2024105835/,200,0.37,1,
2026-08-31 15:12:44,fetch_detail.py,db.netkeiba.com,/horse/2024103457/,200,0.36,1,
2026-08-31 15:12:51,fetch_detail.py,db.netkeiba.com,/horse/2024104451/,200,0.39,1,
2026-08-31 15:12:58,fetch_detail.py,db.netkeiba.com,/horse/2024103466/,200,0.37,1,
2026-08-31 15:13:04,fetch_detail.py,db.netkeiba.com,/horse/2024105116/,200,0.37,1,
2026-08-31 15:13:10,fetch_detail.py,db.netkeiba.com,/horse/2024107196/,200,0.3,1,
2026-08-31 15:13:17,fetch_detail.py,db.netkeiba.com,/horse/2024102356/,200,0.33,1,
2026-08-31 15:13:24,fetch_detail.py,db.netkeiba.com,/horse/2024105856/,200,0.34,1,
2026-08-31 15:13:30,fetch_detail.py,db.netkeiba.com,/horse/2024100031/,200,0.36,1,
2026-08-31 15:13:36,fetch_detail.py,db.netkeiba.com,/horse/2024106565/,200,0.3,1,
2026-08-31 15:13:42,fetch_detail.py,db.netkeiba.com,/horse/2024100444/,200,0.43,1,
2026-08-31 15:13:49,fetch_detail.py,db.netkeiba.com,/horse/2024104348/,200,0.37,1,
2026-08-31 15:13:56,fetch_detail.py,db.netkeiba.com,/horse/2024103441/,200,0.35,1,
2026-08-31 15:14:04,fetch_detail.py,db.netkeiba.com,/horse/2024107155/,200,0.37,1,
2026-08-31 15:14:11,fetch_detail.py,db.netkeiba.com,/horse/2024105911/,200,0.33,1,
2026-08-31 15:14:17,fetch_detail.py,db.netkeiba.com,/horse/2024105108/,200,0.35,1,
2026-08-31 15:14:23,fetch_detail.py,db.netkeiba.com,/horse/2024104953/,200,0.76,1,
2026-08-31 15:14:28,fetch_detail.py,db.netkeiba.com,/horse/2024106192/,200,0.35,1,
2026-08-31 15:14:34,fetch_detail.py,db.netkeiba.com,/horse/2024105431/,200,0.34,1,
2026-08-31 15:14:41,fetch_detail.py,db.netkeiba.com,/horse/2024100022/,200,0.49,1,
2026-08-31 15:14:47,fetch_detail.py,db.netkeiba.com,/horse/2024100424/,200,0.38,1,
2026-08-31 15:14:54,fetch_detail.py,db.netkeiba.com,/horse/2024105878/,200,0.32,1,
2026-08-31 15:14:59,fetch_detail.py,db.netkeiba.com,/horse/2024101308/,200,0.4,1,
2026-08-31 15:15:06,fetch_detail.py,db.netkeiba.com,/horse/2024103470/,200,0.35,1,
2026-08-31 15:15:12,fetch_detail.py,db.netkeiba.com,/horse/2024106663/,200,0.43,1,
2026-08-31 15:15:18,fetch_detail.py,db.netkeiba.com,/horse/2024101991/,200,0.37,1,
2026-08-31 15:15:23,fetch_detail.py,db.netkeiba.com,/horse/2024105964/,200,0.39,1,
2026-08-31 15:15:30,fetch_detail.py,db.netkeiba.com,/horse/2024106558/,200,0.37,1,
2026-08-31 15:15:35,fetch_detail.py,db.netkeiba.com,/horse/2024102521/,200,0.43,1,
2026-08-31 15:15:41,fetch_detail.py,db.netkeiba.com,/horse/2024100992/,200,0.31,1,
2026-08-31 15:15:47,fetch_detail.py,db.netkeiba.com,/horse/2024101690/,200,0.39,1,
2026-08-31 15:15:53,fetch_detail.py,db.netkeiba.com,/horse/2024100017/,200,0.38,1,
2026-08-31 15:15:59,fetch_detail.py,db.netkeiba.com,/horse/2024101975/,200,0.4,1,
2026-08-31 15:16:07,fetch_detail.py,db.netkeiba.com,/horse/2024103476/,200,0.37,1,
2026-08-31 15:16:14,fetch_detail.py,db.netkeiba.com,/horse/2024101203/,200,0.38,1,
2026-08-31 15:16:21,fetch_detail.py,db.netkeiba.com,/horse/2024106615/,200,0.39,1,
2026-08-31 15:16:27,fetch_detail.py,db.netkeiba.com,/horse/2024103447/,200,0.42,1,
2026-08-31 15:16:33,fetch_detail.py,db.netkeiba.com,/horse/2024104576/,200,0.36,1,
2026-08-31 15:16:40,fetch_detail.py,db.netkeiba.com,/horse/2024103463/,200,0.34,1,
2026-08-31 15:16:46,fetch_detail.py,db.netkeiba.com,/horse/2024106874/,200,0.41,1,
2026-08-31 15:16:53,fetch_detail.py,db.netkeiba.com,/horse/2024104321/,200,0.32,1,
2026-08-31 15:16:59,fetch_detail.py,db.netkeiba.com,/horse/2024102231/,200,0.41,1,
2026-08-31 15:17:05,fetch_detail.py,db.netkeiba.com,/horse/2024105869/,200,0.38,1,
2026-08-31 15:17:12,fetch_detail.py,db.netkeiba.com,/horse/2024102271/,200,0.34,1,
2026-08-31 15:17:18,fetch_detail.py,db.netkeiba.com,/horse/2024106453/,200,0.33,1,
2026-08-31 15:17:25,fetch_detail.py,db.netkeiba.com,/horse/2024105118/,200,0.35,1,
2026-08-31 15:17:32,fetch_detail.py,db.netkeiba.com,/horse/2024105153/,200,0.41,1,
2026-08-31 15:17:38,fetch_detail.py,db.netkeiba.com,/horse/2024102941/,200,0.35,1,
2026-08-31 15:17:44,fetch_detail.py,db.netkeiba.com,/horse/2024106219/,200,0.33,1,
2026-08-31 15:17:51,fetch_detail.py,db.netkeiba.com,/horse/2024106649/,200,0.31,1,
2026-08-31 15:17:57,fetch_detail.py,db.netkeiba.com,/horse/2024101078/,200,0.45,1,
2026-08-31 15:18:02,fetch_detail.py,db.netkeiba.com,/horse/2024105979/,200,0.4,1,
2026-08-31 15:18:07,fetch_detail.py,db.netkeiba.com,/horse/2024105292/,200,0.32,1,
2026-08-31 15:18:13,fetch_detail.py,db.netkeiba.com,/horse/2024107306/,200,0.38,1,
2026-08-31 15:18:20,fetch_detail.py,db.netkeiba.com,/horse/2024103474/,200,0.3,1,
2026-08-31 15:18:27,fetch_detail.py,db.netkeiba.com,/horse/2024105776/,200,0.39,1,
2026-08-31 15:18:35,fetch_detail.py,db.netkeiba.com,/horse/2024100172/,200,0.31,1,
2026-08-31 15:18:41,fetch_detail.py,db.netkeiba.com,/horse/2024109090/,200,0.29,1,
2026-08-31 15:18:46,fetch_detail.py,db.netkeiba.com,/horse/2024101865/,200,0.35,1,
2026-08-31 15:18:53,fetch_detail.py,db.netkeiba.com,/horse/2024106170/,200,0.32,1,
2026-08-31 15:18:59,fetch_detail.py,db.netkeiba.com,/horse/2024103334/,200,0.36,1,
2026-08-31 15:19:06,fetch_detail.py,db.netkeiba.com,/horse/2024102884/,200,0.4,1,
2026-08-31 15:19:14,fetch_detail.py,db.netkeiba.com,/horse/2024101150/,200,0.39,1,
2026-08-31 15:19:19,fetch_detail.py,db.netkeiba.com,/horse/2024103486/,200,0.37,1,
2026-08-31 15:19:25,fetch_detail.py,db.netkeiba.com,/horse/2024106057/,200,0.38,1,
2026-08-31 15:19:32,fetch_detail.py,db.netkeiba.com,/horse/2024106308/,200,0.38,1,
2026-08-31 15:19:38,fetch_detail.py,db.netkeiba.com,/horse/2024106242/,200,0.32,1,
2026-08-31 15:19:44,fetch_detail.py,db.netkeiba.com,/horse/2024103485/,200,0.31,1,
2026-08-31 15:19:51,fetch_detail.py,db.netkeiba.com,/horse/2024107219/,200,0.38,1,
2026-08-31 15:19:57,fetch_detail.py,db.netkeiba.com,/horse/2024106547/,200,0.36,1,
2026-08-31 15:20:05,fetch_detail.py,db.netkeiba.com,/horse/2024106633/,200,0.43,1,
2026-08-31 15:20:10,fetch_detail.py,db.netkeiba.com,/horse/2024102312/,200,0.39,1,
2026-08-31 15:20:17,fetch_detail.py,db.netkeiba.com,/horse/2024100732/,200,0.36,1,
2026-08-31 15:20:23,fetch_detail.py,db.netkeiba.com,/horse/2024101981/,200,0.33,1,
2026-08-31 15:20:29,fetch_detail.py,db.netkeiba.com,/horse/2024105897/,200,0.38,1,
2026-08-31 15:20:34,fetch_detail.py,db.netkeiba.com,/horse/2024105385/,200,0.33,1,
2026-08-31 15:20:41,fetch_detail.py,db.netkeiba.com,/horse/2024106441/,200,0.44,1,
2026-08-31 15:20:48,fetch_detail.py,db.netkeiba.com,/horse/2024105156/,200,0.35,1,
2026-08-31 15:20:55,fetch_detail.py,db.netkeiba.com,/horse/2024105931/,200,0.4,1,
2026-08-31 15:21:01,fetch_detail.py,db.netkeiba.com,/horse/2024103445/,200,0.39,1,
2026-08-31 15:21:06,fetch_detail.py,db.netkeiba.com,/horse/2024101934/,200,0.32,1,
2026-08-31 15:21:13,fetch_detail.py,db.netkeiba.com,/horse/2024104867/,200,0.46,1,
2026-08-31 15:21:19,fetch_detail.py,db.netkeiba.com,/horse/2024106334/,200,0.34,1,
2026-08-31 15:21:26,fetch_detail.py,db.netkeiba.com,/horse/2024102885/,200,0.34,1,
2026-08-31 15:21:32,fetch_detail.py,db.netkeiba.com,/horse/2024104231/,200,0.33,1,
2026-08-31 15:21:39,fetch_detail.py,db.netkeiba.com,/horse/2024103011/,200,0.32,1,
2026-08-31 15:21:45,fetch_detail.py,db.netkeiba.com,/horse/2024106036/,200,0.34,1,
2026-08-31 15:21:52,fetch_detail.py,db.netkeiba.com,/horse/2024105273/,200,0.43,1,
2026-08-31 15:21:59,fetch_detail.py,db.netkeiba.com,/horse/2024106926/,200,0.34,1,
2026-08-31 15:22:05,fetch_detail.py,db.netkeiba.com,/horse/2024104299/,200,0.48,1,
2026-08-31 15:22:11,fetch_detail.py,db.netkeiba.com,/horse/2024100726/,200,0.39,1,
2026-08-31 15:22:18,fetch_detail.py,db.netkeiba.com,/horse/2024101967/,200,0.53,1,
2026-08-31 15:22:25,fetch_detail.py,db.netkeiba.com,/horse/2024104452/,200,0.36,1,
2026-08-31 15:22:32,fetch_detail.py,db.netkeiba.com,/horse/2024103454/,200,0.31,1,
2026-08-31 15:22:39,fetch_detail.py,db.netkeiba.com,/horse/2024100763/,200,0.38,1,
2026-08-31 15:22:47,fetch_detail.py,db.netkeiba.com,/horse/2024105755/,200,0.38,1,
2026-08-31 15:22:53,fetch_detail.py,db.netkeiba.com,/horse/2024102217/,200,0.56,1,
2026-08-31 15:23:00,fetch_detail.py,db.netkeiba.com,/horse/2024105381/,200,0.41,1,
2026-08-31 15:23:05,fetch_detail.py,db.netkeiba.com,/horse/2024100111/,200,0.38,1,
2026-08-31 15:23:12,fetch_detail.py,db.netkeiba.com,/horse/2024103902/,200,0.34,1,
2026-08-31 15:23:18,fetch_detail.py,db.netkeiba.com,/horse/2024105824/,200,0.33,1,
2026-08-31 15:23:25,fetch_detail.py,db.netkeiba.com,/horse/2024107175/,200,0.35,1,
2026-08-31 15:23:32,fetch_detail.py,db.netkeiba.com,/horse/2024101400/,200,0.55,1,
2026-08-31 15:23:38,fetch_detail.py,db.netkeiba.com,/horse/2024103469/,200,0.45,1,
2026-08-31 15:23:45,fetch_detail.py,db.netkeiba.com,/horse/2024106355/,200,0.34,1,
2026-08-31 15:23:52,fetch_detail.py,db.netkeiba.com,/horse/2024103244/,200,0.39,1,
2026-08-31 15:23:58,fetch_detail.py,db.netkeiba.com,/horse/2024107236/,200,0.45,1,
2026-08-31 15:24:04,fetch_detail.py,db.netkeiba.com,/horse/2024103490/,200,0.39,1,
2026-08-31 15:24:10,fetch_detail.py,db.netkeiba.com,/horse/2024105256/,200,0.37,1,
2026-08-31 15:24:17,fetch_detail.py,db.netkeiba.com,/horse/2024106172/,200,0.33,1,
2026-08-31 15:24:23,fetch_detail.py,db.netkeiba.com,/horse/2024106212/,200,0.31,1,
2026-08-31 15:24:30,fetch_detail.py,db.netkeiba.com,/horse/2024101228/,200,0.35,1,
2026-08-31 15:24:35,fetch_detail.py,db.netkeiba.com,/horse/2024104574/,200,0.35,1,
2026-08-31 15:24:41,fetch_detail.py,db.netkeiba.com,/horse/2024102218/,200,0.33,1,
2026-08-31 15:24:48,fetch_detail.py,db.netkeiba.com,/horse/2024103444/,200,0.34,1,
2026-08-31 15:24:55,fetch_detail.py,db.netkeiba.com,/horse/2024102476/,200,0.34,1,
2026-08-31 15:25:03,fetch_detail.py,db.netkeiba.com,/horse/2024102481/,200,0.3,1,
2026-08-31 15:25:10,fetch_detail.py,db.netkeiba.com,/horse/2024100457/,200,0.57,1,
2026-08-31 15:25:18,fetch_races.py,db.netkeiba.com,/horse/result/2023106068/,200,0.38,1,
2026-08-31 15:25:18,fetch_races.py,race.netkeiba.com,/race/result.html,200,0.32,1,
2026-08-31 15:25:21,fetch_races.py,race.netkeiba.com,/race/result.html,200,0.37,1,
2026-08-31 15:25:24,fetch_races.py,race.netkeiba.com,/race/result.html,200,0.66,1,
2026-08-31 15:25:26,fetch_races.py,race.netkeiba.com,/race/result.html,200,0.39,1,
2026-08-31 15:25:28,fetch_races.py,race.netkeiba.com,/race/result.html,200,0.49,1,
2026-08-31 15:25:31,fetch_races.py,race.netkeiba.com,/race/result.html,200,0.48,1,
2026-08-31 15:25:39,fetch_races.py,db.netkeiba.com,/horse/result/2023103676/,200,0.41,1,
2026-08-31 15:25:40,fetch_races.py,race.netkeiba.com,/race/result.html,200,0.47,1,
2026-08-31 15:25:43,fetch_races.py,race.netkeiba.com,/race/result.html,200,0.48,1,
2026-08-31 15:25:46,fetch_races.py,race.netkeiba.com,/race/result.html,200,0.6,1,
2026-08-31 15:25:48,fetch_races.py,race.netkeiba.com,/race/result.html,200,0.57,1,
2026-08-31 15:25:50,fetch_races.py,race.netkeiba.com,/race/result.html,200,0.47,1,
2026-08-31 15:25:53,fetch_races.py,race.netkeiba.com,/race/result.html,200,0.6,1,
2026-08-31 15:26:00,fetch_races.py,db.netkeiba.com,/horse/result/2023105237/,200,0.49,1,
2026-08-31 15:26:01,fetch_races.py,race.netkeiba.com,/race/result.html,200,0.48,1,
2026-08-31 15:26:03,fetch_races.py,race.netkeiba.com,/race/result.html,200,0.76,1,
2026-08-31 15:26:06,fetch_races.py,race.netkeiba.com,/race/result.html,200,0.58,1,
2026-08-31 15:26:08,fetch_races.py,race.netkeiba.com,/race/result.html,200,0.61,1,
2026-08-31 15:26:11,fetch_races.py,race.netkeiba.com,/race/result.html,200,0.48,1,
2026-08-31 15:26:13,fetch_races.py,race.netkeiba.com,/race/result.html,200,0.54,1,
2026-08-31 15:26:21,fetch_races.py,db.netkeiba.com,/horse/result/2023100472/,200,0.4,1,
2026-08-31 15:26:22,fetch_races.py,race.netkeiba.com,/race/result.html,200,0.49,1,
2026-08-31 15:26:25,fetch_races.py,race.netkeiba.com,/race/result.html,200,0.56,1,
2026-08-31 15:26:27,fetch_races.py,race.netkeiba.com,/race/result.html,200,0.58,1,
2026-08-31 15:26:30,fetch_races.py,race.netkeiba.com,/race/result.html,200,0.48,1,
2026-08-31 15:26:33,fetch_races.py,race.netkeiba.com,/race/result.html,200,0.77,1,
2026-08-31 15:26:35,fetch_races.py,race.netkeiba.com,/race/result.html,200,0.63,1,
2026-08-31 15:26:43,fetch_races.py,db.netkeiba.com,/horse/result/2023104056/,200,0.38,1,
2026-08-31 15:26:44,fetch_races.py,nar.netkeiba.com,/race/result.html,200,0.31,1,
2026-08-31 15:26:46,fetch_races.py,nar.netkeiba.com,/race/result.html,200,0.3,1,
2026-08-31 15:26:48,fetch_races.py,nar.netkeiba.com,/race/result.html,200,0.29,1,
2026-08-31 15:26:50,fetch_races.py,nar.netkeiba.com,/race/result.html,200,0.26,1,
2026-08-31 15:26:53,fetch_races.py,nar.netkeiba.com,/race/result.html,200,0.41,1,
2026-08-31 15:26:55,fetch_races.py,nar.netkeiba.com,/race/result.html,200,0.23,1,
2026-08-31 15:26:58,fetch_races.py,race.netkeiba.com,/race/result.html,200,0.65,1,
2026-08-31 15:27:00,fetch_races.py,race.netkeiba.com,/race/result.html,200,0.51,1,
2026-08-31 15:27:03,fetch_races.py,race.netkeiba.com,/race/result.html,200,0.45,1,
2026-08-31 15:27:11,fetch_races.py,db.netkeiba.com,/horse/result/2023104857/,200,0.35,1,
2026-08-31 15:27:12,fetch_races.py,race.netkeiba.com,/race/result.html,200,0.42,1,
2026-08-31 15:27:14,fetch_races.py,race.netkeiba.com,/race/result.html,200,0.35,1,
2026-08-31 15:27:16,fetch_races.py,race.netkeiba.com,/race/result.html,200,0.5,1,
2026-08-31 15:27:19,fetch_races.py,race.netkeiba.com,/race/result.html,200,0.59,1,
2026-08-31 15:27:22,fetch_races.py,race.netkeiba.com,/race/result.html,200,0.64,1,
2026-08-31 15:27:25,fetch_races.py,race.netkeiba.com,/race/result.html,200,0.67,1,
2026-08-31 15:27:27,fetch_races.py,race.netkeiba.com,/race/result.html,200,0.46,1,
2026-08-31 15:27:30,fetch_races.py,race.netkeiba.com,/race/result.html,200,0.7,1,
2026-08-31 15:27:39,fetch_races.py,db.netkeiba.com,/horse/result/2023104926/,200,0.34,1,
2026-08-31 15:27:39,fetch_races.py,race.netkeiba.com,/race/result.html,200,0.63,1,
2026-08-31 15:27:42,fetch_races.py,race.netkeiba.com,/race/result.html,200,0.62,1,
2026-08-31 15:27:45,fetch_races.py,race.netkeiba.com,/race/result.html,200,0.58,1,
2026-08-31 15:27:47,fetch_races.py,race.netkeiba.com,/race/result.html,200,0.46,1,
2026-08-31 15:27:50,fetch_races.py,race.netkeiba.com,/race/result.html,200,0.53,1,
2026-08-31 15:27:52,fetch_races.py,race.netkeiba.com,/race/result.html,200,0.58,1,
2026-08-31 15:28:01,fetch_races.py,db.netkeiba.com,/horse/result/2023106187/,200,0.36,1,
2026-08-31 15:28:02,fetch_races.py,race.netkeiba.com,/race/result.html,200,0.6,1,
2026-08-31 15:28:04,fetch_races.py,race.netkeiba.com,/race/result.html,200,0.62,1,
2026-08-31 15:28:07,fetch_races.py,race.netkeiba.com,/race/result.html,200,0.58,1,
2026-08-31 15:28:10,fetch_races.py,race.netkeiba.com,/race/result.html,200,0.5,1,
2026-08-31 15:28:12,fetch_races.py,race.netkeiba.com,/race/result.html,200,0.48,1,
2026-08-31 15:28:21,fetch_races.py,db.netkeiba.com,/horse/result/2023105014/,200,0.32,1,
2026-08-31 15:28:21,fetch_races.py,race.netkeiba.com,/race/result.html,200,0.34,1,
2026-08-31 15:28:23,fetch_races.py,race.netkeiba.com,/race/result.html,200,0.51,1,
2026-08-31 15:28:32,fetch_races.py,db.netkeiba.com,/horse/result/2023106902/,200,0.41,1,
2026-08-31 15:28:32,fetch_races.py,race.netkeiba.com,/race/result.html,200,0.46,1,
2026-08-31 15:28:35,fetch_races.py,race.netkeiba.com,/race/result.html,200,0.59,1,
2026-08-31 15:28:38,fetch_races.py,race.netkeiba.com,/race/result.html,200,0.58,1,
2026-08-31 15:28:40,fetch_races.py,race.netkeiba.com,/race/result.html,200,0.49,1,
2026-08-31 15:28:43,fetch_races.py,race.netkeiba.com,/race/result.html,200,0.79,1,
2026-08-31 15:28:51,fetch_races.py,db.netkeiba.com,/horse/result/2023103417/,200,0.42,1,
2026-08-31 15:28:52,fetch_races.py,race.netkeiba.com,/race/result.html,200,0.61,1,
2026-08-31 15:28:54,fetch_races.py,race.netkeiba.com,/race/result.html,200,0.48,1,
2026-08-31 15:28:56,fetch_races.py,race.netkeiba.com,/race/result.html,200,0.6,1,
2026-08-31 15:28:59,fetch_races.py,race.netkeiba.com,/race/result.html,200,0.59,1,
2026-08-31 15:29:02,fetch_races.py,race.netkeiba.com,/race/result.html,200,0.61,1,
2026-08-31 15:29:04,fetch_races.py,race.netkeiba.com,/race/result.html,200,0.49,1,
2026-08-31 15:29:13,fetch_races.py,db.netkeiba.com,/horse/result/2023107359/,200,0.32,1,
2026-08-31 15:29:14,fetch_races.py,race.netkeiba.com,/race/result.html,200,0.47,1,
2026-08-31 15:29:17,fetch_races.py,race.netkeiba.com,/race/result.html,200,0.6,1,
2026-08-31 15:29:19,fetch_races.py,race.netkeiba.com,/race/result.html,200,0.63,1,
2026-08-31 15:29:22,fetch_races.py,race.netkeiba.com,/race/result.html,200,0.49,1,
2026-08-31 15:29:24,fetch_races.py,race.netkeiba.com,/race/result.html,200,0.48,1,
2026-08-31 15:29:33,fetch_races.py,db.netkeiba.com,/horse/result/2023100918/,200,0.31,1,
2026-08-31 15:29:33,fetch_races.py,race.netkeiba.com,/race/result.html,200,0.47,1,
2026-08-31 15:29:36,fetch_races.py,race.netkeiba.com,/race/result.html,200,0.49,1,
2026-08-31 15:29:38,fetch_races.py,race.netkeiba.com,/race/result.html,200,0.49,1,
2026-08-31 15:29:40,fetch_races.py,race.netkeiba.com,/race/result.html,200,0.49,1,
2026-08-31 15:29:48,fetch_races.py,db.netkeiba.com,/horse/result/2023103081/,200,0.4,1,
2026-08-31 15:29:48,fetch_races.py,race.netkeiba.com,/race/result.html,200,0.57,1,
2026-08-31 15:29:51,fetch_races.py,race.netkeiba.com,/race/result.html,200,0.66,1,
2026-08-31 15:29:54,fetch_races.py,race.netkeiba.com,/race/result.html,200,0.5,1,
2026-08-31 15:29:56,fetch_races.py,race.netkeiba.com,/race/result.html,200,0.6,1,
2026-08-31 15:29:59,fetch_races.py,race.netkeiba.com,/race/result.html,200,0.6,1,
2026-08-31 15:30:01,fetch_races.py,race.netkeiba.com,/race/result.html,200,0.59,1,
2026-08-31 15:30:04,fetch_races.py,race.netkeiba.com,/race/result.html,200,0.87,1,
2026-08-31 15:30:14,fetch_races.py,db.netkeiba.com,/horse/result/2023106893/,200,0.33,1,
2026-08-31 15:30:15,fetch_races.py,race.netkeiba.com,/race/result.html,200,0.51,1,
2026-08-31 15:30:17,fetch_races.py,race.netkeiba.com,/race/result.html,200,0.75,1,
2026-08-31 15:30:20,fetch_races.py,race.netkeiba.com,/race/result.html,200,0.64,1,
2026-08-31 15:30:30,fetch_races.py,db.netkeiba.com,/horse/result/2023103199/,200,0.33,1,
2026-08-31 15:30:31,fetch_races.py,race.netkeiba.com,/race/result.html,200,0.51,1,
2026-08-31 15:30:39,fetch_races.py,db.netkeiba.com,/horse/result/2023106843/,200,0.31,1,
2026-08-31 15:30:39,fetch_races.py,race.netkeiba.com,/race/result.html,200,0.61,1,
2026-08-31 15:30:43,fetch_races.py,race.netkeiba.com,/race/result.html,200,1.2,1,
2026-08-31 15:30:52,fetch_races.py,db.netkeiba.com,/horse/result/2023106910/,200,0.33,1,
2026-08-31 15:30:52,fetch_races.py,race.netkeiba.com,/race/result.html,200,0.6,1,
2026-08-31 15:30:55,fetch_races.py,race.netkeiba.com,/race/result.html,200,0.47,1,
2026-08-31 15:30:57,fetch_races.py,race.netkeiba.com,/race/result.html,200,0.5,1,
2026-08-31 15:30:59,fetch_races.py,race.netkeiba.com,/race/result.html,200,0.66,1,
2026-08-31 15:31:02,fetch_races.py,race.netkeiba.com,/race/result.html,200,0.68,1,
2026-08-31 15:31:04,fetch_races.py,race.netkeiba.com,/race/result.html,200,0.51,1,
2026-08-31 15:31:07,fetch_races.py,race.netkeiba.com,/race/result.html,200,0.37,1,
2026-08-31 15:31:09,fetch_races.py,race.netkeiba.com,/race/result.html,200,0.49,1,
2026-08-31 15:31:12,fetch_races.py,race.netkeiba.com,/race/result.html,200,0.58,1,
2026-08-31 15:31:21,fetch_races.py,db.netkeiba.com,/horse/result/2023105385/,200,0.37,1,
2026-08-31 15:31:21,fetch_races.py,race.netkeiba.com,/race/result.html,200,0.49,1,
2026-08-31 15:31:24,fetch_races.py,race.netkeiba.com,/race/result.html,200,0.63,1,
2026-08-31 15:31:27,fetch_races.py,race.netkeiba.com,/race/result.html,200,0.5,1,
2026-08-31 15:31:29,fetch_races.py,race.netkeiba.com,/race/result.html,200,0.37,1,
2026-08-31 15:31:32,fetch_races.py,race.netkeiba.com,/race/result.html,200,0.6,1,
2026-08-31 15:31:34,fetch_races.py,race.netkeiba.com,/race/result.html,200,0.49,1,
2026-08-31 15:31:41,fetch_races.py,db.netkeiba.com,/horse/result/2023107403/,200,0.44,1,
2026-08-31 15:31:42,fetch_races.py,race.netkeiba.com,/race/result.html,200,0.5,1,
2026-08-31 15:31:44,fetch_races.py,race.netkeiba.com,/race/result.html,200,0.46,1,
2026-08-31 15:31:47,fetch_races.py,race.netkeiba.com,/race/result.html,200,0.5,1,
2026-08-31 15:31:49,fetch_races.py,race.netkeiba.com,/race/result.html,200,0.47,1,
2026-08-31 15:31:52,fetch_races.py,race.netkeiba.com,/race/result.html,200,0.47,1,
2026-08-31 15:31:55,fetch_races.py,race.netkeiba.com,/race/result.html,200,0.59,1,
2026-08-31 15:31:57,fetch_races.py,race.netkeiba.com,/race/result.html,200,0.48,1,
2026-08-31 15:32:00,fetch_races.py,race.netkeiba.com,/race/result.html,200,0.48,1,
2026-08-31 15:32:03,fetch_races.py,race.netkeiba.com,/race/result.html,200,0.49,1,
2026-08-31 15:32:05,fetch_races.py,race.netkeiba.com,/race/result.html,200,0.63,1,
2026-08-31 15:32:08,fetch_races.py,race.netkeiba.com,/race/result.html,200,0.49,1,
2026-08-31 15:32:10,fetch_races.py,race.netkeiba.com,/race/result.html,200,0.58,1,
2026-08-31 15:32:18,fetch_races.py,db.netkeiba.com,/horse/result/2023103287/,200,0.39,1,
2026-08-31 15:32:19,fetch_races.py,race.netkeiba.com,/race/result.html,200,0.54,1,
2026-08-31 15:32:21,fetch_races.py,race.netkeiba.com,/race/result.html,200,0.44,1,
2026-08-31 15:32:23,fetch_races.py,race.netkeiba.com,/race/result.html,200,0.6,1,
2026-08-31 15:32:26,fetch_races.py,race.netkeiba.com,/race/result.html,200,0.48,1,
2026-08-31 15:32:28,fetch_races.py,race.netkeiba.com,/race/result.html,200,0.8,1,
2026-08-31 15:32:37,fetch_races.py,db.netkeiba.com,/horse/result/2023103370/,200,0.34,1,
2026-08-31 15:32:38,fetch_races.py,race.netkeiba.com,/race/result.html,200,0.47,1,
2026-08-31 15:32:40,fetch_races.py,race.netkeiba.com,/race/result.html,200,0.6,1,
2026-08-31 15:32:43,fetch_races.py,race.netkeiba.com,/race/result.html,200,0.7,1,
2026-08-31 15:32:46,fetch_races.py,race.netkeiba.com,/race/result.html,200,0.58,1,
2026-08-31 15:32:54,fetch_races.py,db.netkeiba.com,/horse/result/2023103555/,200,0.38,1,
2026-08-31 15:32:54,fetch_races.py,race.netkeiba.com,/race/result.html,200,0.49,1,
2026-08-31 15:32:57,fetch_races.py,race.netkeiba.com,/race/result.html,200,0.6,1,
2026-08-31 15:32:59,fetch_races.py,race.netkeiba.com,/race/result.html,200,0.5,1,
2026-08-31 15:33:02,fetch_races.py,race.netkeiba.com,/race/result.html,200,0.58,1,
2026-08-31 15:33:05,fetch_races.py,race.netkeiba.com,/race/result.html,200,0.58,1,
2026-08-31 15:33:07,fetch_races.py,race.netkeiba.com,/race/result.html,200,0.5,1,
2026-08-31 15:33:15,fetch_races.py,db.netkeiba.com,/horse/result/2023107048/,200,0.28,1,
2026-08-31 15:33:22,fetch_races.py,db.netkeiba.com,/horse/result/2023103348/,200,0.34,1,
2026-08-31 15:33:22,fetch_races.py,race.netkeiba.com,/race/result.html,200,0.29,1,
2026-08-31 15:33:25,fetch_races.py,race.netkeiba.com,/race/result.html,200,0.37,1,
2026-08-31 15:33:27,fetch_races.py,race.netkeiba.com,/race/result.html,200,0.53,1,
2026-08-31 15:33:30,fetch_races.py,race.netkeiba.com,/race/result.html,200,0.63,1,
2026-08-31 15:33:32,fetch_races.py,race.netkeiba.com,/race/result.html,200,0.47,1,
2026-08-31 15:33:35,fetch_races.py,race.netkeiba.com,/race/result.html,200,0.62,1,
2026-08-31 15:33:38,fetch_races.py,race.netkeiba.com,/race/result.html,200,0.5,1,
2026-08-31 15:33:41,fetch_races.py,race.netkeiba.com,/race/result.html,200,0.59,1,
2026-08-31 15:33:43,fetch_races.py,race.netkeiba.com,/race/result.html,200,0.45,1,
2026-08-31 15:33:46,fetch_races.py,race.netkeiba.com,/race/result.html,200,0.47,1,
2026-08-31 15:33:53,fetch_races.py,db.netkeiba.com,/horse/result/2023105404/,200,0.38,1,
2026-08-31 15:33:53,fetch_races.py,race.netkeiba.com,/race/result.html,200,0.55,1,
2026-08-31 15:33:56,fetch_races.py,race.netkeiba.com,/race/result.html,200,0.6,1,
2026-08-31 15:33:59,fetch_races.py,race.netkeiba.com,/race/result.html,200,0.61,1,
2026-08-31 15:34:01,fetch_races.py,race.netkeiba.com,/race/result.html,200,0.48,1,
2026-08-31 15:34:04,fetch_races.py,race.netkeiba.com,/race/result.html,200,0.61,1,
2026-08-31 15:34:13,fetch_races.py,db.netkeiba.com,/horse/result/2023104378/,200,0.4,1,
2026-08-31 15:34:13,fetch_races.py,nar.netkeiba.com,/race/result.html,200,0.25,1,
2026-08-31 15:34:15,fetch_races.py,race.netkeiba.com,/race/result.html,200,0.48,1,
2026-08-31 15:34:18,fetch_races.py,race.netkeiba.com,/race/result.html,200,0.67,1,
2026-08-31 15:34:21,fetch_races.py,race.netkeiba.com,/race/result.html,200,0.45,1,
2026-08-31 15:34:23,fetch_races.py,race.netkeiba.com,/race/result.html,200,0.59,1,
2026-08-31 15:34:26,fetch_races.py,race.netkeiba.com,/race/result.html,200,0.59,1,
2026-08-31 15:34:33,fetch_races.py,db.netkeiba.com,/horse/result/2023101050/,200,0.54,1,
2026-08-31 15:34:33,fetch_races.py,race.netkeiba.com,/race/result.html,200,0.32,1,
2026-08-31 15:34:36,fetch_races.py,race.netkeiba.com,/race/result.html,200,0.37,1,
2026-08-31 15:34:38,fetch_races.py,race.netkeiba.com,/race/result.html,200,0.53,1,
2026-08-31 15:34:40,fetch_races.py,race.netkeiba.com,/race/result.html,200,0.52,1,
2026-08-31 15:34:43,fetch_races.py,race.netkeiba.com,/race/result.html,200,0.48,1,
2026-08-31 15:34:52,fetch_races.py,db.netkeiba.com,/horse/result/2023105370/,200,0.34,1,
2026-08-31 15:34:53,fetch_races.py,race.netkeiba.com,/race/result.html,200,0.46,1,
2026-08-31 15:34:56,fetch_races.py,race.netkeiba.com,/race/result.html,200,0.6,1,
2026-08-31 15:34:58,fetch_races.py,race.netkeiba.com,/race/result.html,200,0.49,1,
2026-08-31 15:35:01,fetch_races.py,race.netkeiba.com,/race/result.html,200,0.48,1,
2026-08-31 15:35:08,fetch_races.py,db.netkeiba.com,/horse/result/2023105004/,200,0.41,1,
2026-08-31 15:35:09,fetch_races.py,race.netkeiba.com,/race/result.html,200,0.61,1,
2026-08-31 15:35:12,fetch_races.py,race.netkeiba.com,/race/result.html,200,0.5,1,
2026-08-31 15:35:14,fetch_races.py,race.netkeiba.com,/race/result.html,200,0.61,1,
2026-08-31 15:35:23,fetch_races.py,db.netkeiba.com,/horse/result/2023104396/,200,0.36,1,
2026-08-31 15:35:24,fetch_races.py,race.netkeiba.com,/race/result.html,200,0.49,1,
2026-08-31 15:35:33,fetch_races.py,db.netkeiba.com,/horse/result/2023105064/,200,0.34,1,
2026-08-31 15:35:34,fetch_races.py,race.netkeiba.com,/race/result.html,200,0.63,1,
2026-08-31 15:35:36,fetch_races.py,race.netkeiba.com,/race/result.html,200,0.39,1,
2026-08-31 15:35:38,fetch_races.py,race.netkeiba.com,/race/result.html,200,0.51,1,
2026-08-31 15:35:40,fetch_races.py,race.netkeiba.com,/race/result.html,200,0.54,1,
2026-08-31 15:35:48,fetch_races.py,db.netkeiba.com,/horse/result/2023105041/,200,0.32,1,
2026-08-31 15:35:49,fetch_races.py,race.netkeiba.com,/race/result.html,200,0.47,1,
2026-08-31 15:35:51,fetch_races.py,race.netkeiba.com,/race/result.html,200,0.41,1,
2026-08-31 15:35:54,fetch_races.py,race.netkeiba.com,/race/result.html,200,0.46,1,
2026-08-31 15:35:56,fetch_races.py,race.netkeiba.com,/race/result.html,200,0.48,1,
2026-08-31 15:35:58,fetch_races.py,race.netkeiba.com,/race/result.html,200,0.54,1,
2026-08-31 15:36:01,fetch_races.py,race.netkeiba.com,/race/result.html,200,0.51,1,
2026-08-31 15:36:10,fetch_races.py,db.netkeiba.com,/horse/result/2023107094/,200,0.38,1,
2026-08-31 15:36:10,fetch_races.py,race.netkeiba.com,/race/result.html,200,0.31,1,
2026-08-31 15:36:13,fetch_races.py,race.netkeiba.com,/race/result.html,200,0.48,1,
2026-08-31 15:36:15,fetch_races.py,race.netkeiba.com,/race/result.html,200,0.36,1,
2026-08-31 15:36:18,fetch_races.py,race.netkeiba.com,/race/result.html,200,0.59,1,
2026-08-31 15:36:20,fetch_races.py,race.netkeiba.com,/race/result.html,200,0.5,1,
2026-08-31 15:36:23,fetch_races.py,race.netkeiba.com,/race/result.html,200,0.48,1,
2026-08-31 15:36:31,fetch_races.py,db.netkeiba.com,/horse/result/2023105352/,200,0.34,1,
2026-08-31 15:36:31,fetch_races.py,race.netkeiba.com,/race/result.html,200,0.39,1,
2026-08-31 15:36:33,fetch_races.py,race.netkeiba.com,/race/result.html,200,0.49,1,
2026-08-31 15:36:36,fetch_races.py,race.netkeiba.com,/race/result.html,200,0.61,1,
2026-08-31 15:36:39,fetch_races.py,race.netkeiba.com,/race/result.html,200,0.54,1,
2026-08-31 15:36:41,fetch_races.py,race.netkeiba.com,/race/result.html,200,0.55,1,
2026-08-31 15:36:43,fetch_races.py,race.netkeiba.com,/race/result.html,200,0.67,1,
2026-08-31 15:36:46,fetch_races.py,race.netkeiba.com,/race/result.html,200,0.47,1,
2026-08-31 15:36:48,fetch_races.py,race.netkeiba.com,/race/result.html,200,0.48,1,
2026-08-31 15:36:57,fetch_races.py,db.netkeiba.com,/horse/result/2023106084/,200,0.32,1,
2026-08-31 15:36:58,fetch_races.py,race.netkeiba.com,/race/result.html,200,0.45,1,
2026-08-31 15:37:00,fetch_races.py,race.netkeiba.com,/race/result.html,200,0.48,1,
2026-08-31 15:37:03,fetch_races.py,race.netkeiba.com,/race/result.html,200,0.5,1,
2026-08-31 15:37:05,fetch_races.py,race.netkeiba.com,/race/result.html,200,0.48,1,
2026-08-31 15:37:08,fetch_races.py,race.netkeiba.com,/race/result.html,200,0.59,1,
2026-08-31 15:37:10,fetch_races.py,race.netkeiba.com,/race/result.html,200,0.57,1,
2026-08-31 15:37:18,fetch_races.py,db.netkeiba.com,/horse/result/2023107283/,200,0.4,1,
2026-08-31 15:37:19,fetch_races.py,race.netkeiba.com,/race/result.html,200,0.6,1,
2026-08-31 15:37:21,fetch_races.py,race.netkeiba.com,/race/result.html,200,0.6,1,
2026-08-31 15:37:24,fetch_races.py,race.netkeiba.com,/race/result.html,200,0.46,1,
2026-08-31 15:37:26,fetch_races.py,race.netkeiba.com,/race/result.html,200,0.6,1,
2026-08-31 15:37:34,fetch_races.py,db.netkeiba.com,/horse/result/2023104063/,200,0.29,1,
2026-08-31 15:37:35,fetch_races.py,race.netkeiba.com,/race/result.html,200,0.37,1,
2026-08-31 15:37:38,fetch_races.py,race.netkeiba.com,/race/result.html,200,0.59,1,
2026-08-31 15:37:47,fetch_races.py,db.netkeiba.com,/horse/result/2023106963/,200,0.52,1,
2026-08-31 15:37:48,fetch_races.py,race.netkeiba.com,/race/result.html,200,0.6,1,
2026-08-31 15:37:50,fetch_races.py,race.netkeiba.com,/race/result.html,200,0.37,1,
2026-08-31 15:37:53,fetch_races.py,race.netkeiba.com,/race/result.html,200,0.6,1,
2026-08-31 15:37:56,fetch_races.py,race.netkeiba.com,/race/result.html,200,0.47,1,
2026-08-31 15:38:05,fetch_races.py,db.netkeiba.com,/horse/result/2023105378/,200,0.33,1,
2026-08-31 15:38:05,fetch_races.py,race.netkeiba.com,/race/result.html,200,0.61,1,
2026-08-31 15:38:08,fetch_races.py,race.netkeiba.com,/race/result.html,200,0.69,1,
2026-08-31 15:38:10,fetch_races.py,race.netkeiba.com,/race/result.html,200,0.45,1,
2026-08-31 15:38:12,fetch_races.py,race.netkeiba.com,/race/result.html,200,0.58,1,
2026-08-31 15:38:14,fetch_races.py,race.netkeiba.com,/race/result.html,200,0.48,1,
2026-08-31 15:38:23,fetch_races.py,db.netkeiba.com,/horse/result/2023105286/,200,0.35,1,
2026-08-31 15:38:23,fetch_races.py,race.netkeiba.com,/race/result.html,200,0.42,1,
2026-08-31 15:38:26,fetch_races.py,race.netkeiba.com,/race/result.html,200,0.47,1,
2026-08-31 15:38:29,fetch_races.py,race.netkeiba.com,/race/result.html,200,0.63,1,
2026-08-31 15:38:31,fetch_races.py,race.netkeiba.com,/race/result.html,200,0.5,1,
2026-08-31 15:38:34,fetch_races.py,race.netkeiba.com,/race/result.html,200,0.58,1,
2026-08-31 15:38:42,fetch_races.py,db.netkeiba.com,/horse/result/2023103170/,200,0.31,1,
2026-08-31 15:38:43,fetch_races.py,race.netkeiba.com,/race/result.html,200,0.64,1,
2026-08-31 15:38:46,fetch_races.py,race.netkeiba.com,/race/result.html,200,0.48,1,
2026-08-31 15:38:54,fetch_races.py,db.netkeiba.com,/horse/result/2023107068/,200,0.36,1,
2026-08-31 15:38:55,fetch_races.py,race.netkeiba.com,/race/result.html,200,0.4,1,
2026-08-31 15:38:57,fetch_races.py,race.netkeiba.com,/race/result.html,200,0.47,1,
2026-08-31 15:39:00,fetch_races.py,race.netkeiba.com,/race/result.html,200,0.46,1,
2026-08-31 15:39:02,fetch_races.py,race.netkeiba.com,/race/result.html,200,0.47,1,
2026-08-31 15:39:05,fetch_races.py,race.netkeiba.com,/race/result.html,200,0.62,1,
2026-08-31 15:39:08,fetch_races.py,race.netkeiba.com,/race/result.html,200,0.59,1,
2026-08-31 15:39:15,fetch_races.py,db.netkeiba.com,/horse/result/2023105643/,200,0.33,1,
2026-08-31 15:39:15,fetch_races.py,nar.netkeiba.com,/race/result.html,200,0.3,1,
2026-08-31 15:39:18,fetch_races.py,race.netkeiba.com,/race/result.html,200,0.48,1,
2026-08-31 15:39:20,fetch_races.py,race.netkeiba.com,/race/result.html,200,0.6,1,
2026-08-31 15:39:22,fetch_races.py,race.netkeiba.com,/race/result.html,200,0.46,1,
2026-08-31 15:39:25,fetch_races.py,race.netkeiba.com,/race/result.html,200,0.49,1,
2026-08-31 15:39:28,fetch_races.py,race.netkeiba.com,/race/result.html,200,0.48,1,
2026-08-31 15:39:37,fetch_races.py,db.netkeiba.com,/horse/result/2023105801/,200,0.49,1,
2026-08-31 15:39:37,fetch_races.py,nar.netkeiba.com,/race/result.html,200,0.23,1,
2026-08-31 15:39:40,fetch_races.py,nar.netkeiba.com,/race/result.html,200,0.3,1,
2026-08-31 15:39:42,fetch_races.py,nar.netkeiba.com,/race/result.html,200,0.24,1,
2026-08-31 15:39:44,fetch_races.py,nar.netkeiba.com,/race/result.html,200,0.28,1,
2026-08-31 15:39:46,fetch_races.py,nar.netkeiba.com,/race/result.html,200,0.28,1,
2026-08-31 15:39:49,fetch_races.py,race.netkeiba.com,/race/result.html,200,0.63,1,
2026-08-31 15:39:52,fetch_races.py,race.netkeiba.com,/race/result.html,200,0.5,1,
2026-08-31 15:39:55,fetch_races.py,race.netkeiba.com,/race/result.html,200,0.57,1,
2026-08-31 15:39:57,fetch_races.py,race.netkeiba.com,/race/result.html,200,0.5,1,
2026-08-31 15:40:05,fetch_races.py,db.netkeiba.com,/horse/result/2023100177/,200,0.39,1,
2026-08-31 15:40:05,fetch_races.py,race.netkeiba.com,/race/result.html,200,0.34,1,
2026-08-31 15:40:08,fetch_races.py,race.netkeiba.com,/race/result.html,200,0.48,1,
2026-08-31 15:40:11,fetch_races.py,race.netkeiba.com,/race/result.html,200,0.46,1,
2026-08-31 15:40:13,fetch_races.py,race.netkeiba.com,/race/result.html,200,0.34,1,
2026-08-31 15:40:16,fetch_races.py,race.netkeiba.com,/race/result.html,200,0.48,1,
2026-08-31 15:40:18,fetch_races.py,race.netkeiba.com,/race/result.html,200,0.49,1,
2026-08-31 15:40:27,fetch_races.py,db.netkeiba.com,/horse/result/2023105372/,200,0.4,1,
2026-08-31 15:40:28,fetch_races.py,race.netkeiba.com,/race/result.html,200,0.49,1,
2026-08-31 15:40:30,fetch_races.py,race.netkeiba.com,/race/result.html,200,0.48,1,
2026-08-31 15:40:33,fetch_races.py,race.netkeiba.com,/race/result.html,200,0.63,1,
2026-08-31 15:40:35,fetch_races.py,race.netkeiba.com,/race/result.html,200,0.58,1,
2026-08-31 15:40:44,fetch_races.py,db.netkeiba.com,/horse/result/2023107114/,200,0.31,1,
2026-08-31 15:40:50,fetch_races.py,db.netkeiba.com,/horse/result/2023103437/,200,0.37,1,
2026-08-31 15:40:51,fetch_races.py,race.netkeiba.com,/race/result.html,200,0.49,1,
2026-08-31 15:40:53,fetch_races.py,race.netkeiba.com,/race/result.html,200,0.48,1,
2026-08-31 15:40:56,fetch_races.py,race.netkeiba.com,/race/result.html,200,0.6,1,
2026-08-31 15:40:58,fetch_races.py,race.netkeiba.com,/race/result.html,200,0.54,1,
2026-08-31 15:41:01,fetch_races.py,race.netkeiba.com,/race/result.html,200,0.49,1,
2026-08-31 15:41:03,fetch_races.py,race.netkeiba.com,/race/result.html,200,0.48,1,
2026-08-31 15:41:06,fetch_races.py,race.netkeiba.com,/race/result.html,200,0.6,1,
2026-08-31 15:41:15,fetch_races.py,db.netkeiba.com,/horse/result/2023100603/,200,0.79,1,
2026-08-31 15:41:15,fetch_races.py,nar.netkeiba.com,/race/result.html,200,0.31,1,
2026-08-31 15:41:17,fetch_races.py,nar.netkeiba.com,/race/result.html,200,0.24,1,
2026-08-31 15:41:20,fetch_races.py,nar.netkeiba.com,/race/result.html,200,0.25,1,
2026-08-31 15:41:22,fetch_races.py,race.netkeiba.com,/race/result.html,200,0.58,1,
2026-08-31 15:41:25,fetch_races.py,race.netkeiba.com,/race/result.html,200,0.46,1,
2026-08-31 15:41:28,fetch_races.py,race.netkeiba.com,/race/result.html,200,0.36,1,
2026-08-31 15:41:30,fetch_races.py,race.netkeiba.com,/race/result.html,200,0.66,1,
2026-08-31 15:41:32,fetch_races.py,race.netkeiba.com,/race/result.html,200,0.49,1,
2026-08-31 15:41:35,fetch_races.py,race.netkeiba.com,/race/result.html,200,0.59,1,
2026-08-31 15:41:44,fetch_races.py,db.netkeiba.com,/horse/result/2023103461/,200,0.34,1,
2026-08-31 15:41:45,fetch_races.py,race.netkeiba.com,/race/result.html,200,0.65,1,
2026-08-31 15:41:47,fetch_races.py,race.netkeiba.com,/race/result.html,200,0.52,1,
2026-08-31 15:41:50,fetch_races.py,race.netkeiba.com,/race/result.html,200,0.49,1,
2026-08-31 15:41:52,fetch_races.py,race.netkeiba.com,/race/result.html,200,0.51,1,
2026-08-31 15:41:55,fetch_races.py,race.netkeiba.com,/race/result.html,200,0.6,1,
2026-08-31 15:41:57,fetch_races.py,race.netkeiba.com,/race/result.html,200,0.56,1,
2026-08-31 15:42:05,fetch_races.py,db.netkeiba.com,/horse/result/2023105358/,200,0.32,1,
2026-08-31 15:42:05,fetch_races.py,race.netkeiba.com,/race/result.html,200,0.51,1,
2026-08-31 15:42:08,fetch_races.py,race.netkeiba.com,/race/result.html,200,0.49,1,
2026-08-31 15:42:10,fetch_races.py,race.netkeiba.com,/race/result.html,200,0.51,1,
2026-08-31 15:42:12,fetch_races.py,race.netkeiba.com,/race/result.html,200,0.51,1,
2026-08-31 15:42:15,fetch_races.py,race.netkeiba.com,/race/result.html,200,0.5,1,
2026-08-31 15:42:18,fetch_races.py,race.netkeiba.com,/race/result.html,200,0.6,1,
2026-08-31 15:42:27,fetch_races.py,db.netkeiba.com,/horse/result/2023105375/,200,0.33,1,
2026-08-31 15:42:27,fetch_races.py,race.netkeiba.com,/race/result.html,200,0.47,1,
2026-08-31 15:42:30,fetch_races.py,race.netkeiba.com,/race/result.html,200,0.51,1,
2026-08-31 15:42:32,fetch_races.py,race.netkeiba.com,/race/result.html,200,0.61,1,
2026-08-31 15:42:35,fetch_races.py,race.netkeiba.com,/race/result.html,200,0.38,1,
2026-08-31 15:42:37,fetch_races.py,race.netkeiba.com,/race/result.html,200,0.59,1,
2026-08-31 15:42:47,fetch_races.py,db.netkeiba.com,/horse/result/2023104885/,200,0.38,1,
2026-08-31 15:42:47,fetch_races.py,race.netkeiba.com,/race/result.html,200,0.46,1,
2026-08-31 15:42:50,fetch_races.py,race.netkeiba.com,/race/result.html,200,0.38,1,
2026-08-31 15:42:52,fetch_races.py,race.netkeiba.com,/race/result.html,200,0.64,1,
2026-08-31 15:42:55,fetch_races.py,race.netkeiba.com,/race/result.html,200,0.6,1,
2026-08-31 15:42:58,fetch_races.py,race.netkeiba.com,/race/result.html,200,0.48,1,
2026-08-31 15:43:01,fetch_races.py,race.netkeiba.com,/race/result.html,200,0.5,1,
2026-08-31 15:43:03,fetch_races.py,race.netkeiba.com,/race/result.html,200,0.5,1,
2026-08-31 15:43:06,fetch_races.py,race.netkeiba.com,/race/result.html,200,0.62,1,
2026-08-31 15:43:08,fetch_races.py,race.netkeiba.com,/race/result.html,200,0.58,1,
2026-08-31 15:43:11,fetch_races.py,race.netkeiba.com,/race/result.html,200,0.46,1,
2026-08-31 15:43:14,fetch_races.py,race.netkeiba.com,/race/result.html,200,0.58,1,
2026-08-31 15:43:17,fetch_races.py,race.netkeiba.com,/race/result.html,200,0.47,1,
2026-08-31 15:43:26,fetch_races.py,db.netkeiba.com,/horse/result/2023103757/,200,0.31,1,
2026-08-31 15:43:26,fetch_races.py,race.netkeiba.com,/race/result.html,200,0.48,1,
2026-08-31 15:43:29,fetch_races.py,race.netkeiba.com,/race/result.html,200,0.5,1,
2026-08-31 15:43:37,fetch_races.py,db.netkeiba.com,/horse/result/2023105300/,200,0.41,1,
2026-08-31 15:43:37,fetch_races.py,race.netkeiba.com,/race/result.html,200,0.5,1,
2026-08-31 15:43:39,fetch_races.py,race.netkeiba.com,/race/result.html,200,0.5,1,
2026-08-31 15:43:42,fetch_races.py,race.netkeiba.com,/race/result.html,200,0.47,1,
2026-08-31 15:43:44,fetch_races.py,race.netkeiba.com,/race/result.html,200,0.45,1,
2026-08-31 15:43:47,fetch_races.py,race.netkeiba.com,/race/result.html,200,0.63,1,
2026-08-31 15:43:49,fetch_races.py,race.netkeiba.com,/race/result.html,200,0.34,1,
2026-08-31 15:43:52,fetch_races.py,race.netkeiba.com,/race/result.html,200,0.59,1,
2026-08-31 15:43:55,fetch_races.py,race.netkeiba.com,/race/result.html,200,0.6,1,
2026-08-31 15:44:03,fetch_races.py,db.netkeiba.com,/horse/result/2023100938/,200,0.42,1,
2026-08-31 15:44:04,fetch_races.py,race.netkeiba.com,/race/result.html,200,0.57,1,
2026-08-31 15:44:07,fetch_races.py,race.netkeiba.com,/race/result.html,200,0.67,1,
2026-08-31 15:44:10,fetch_races.py,race.netkeiba.com,/race/result.html,200,0.49,1,
2026-08-31 15:44:12,fetch_races.py,race.netkeiba.com,/race/result.html,200,0.57,1,
2026-08-31 15:44:15,fetch_races.py,race.netkeiba.com,/race/result.html,200,0.62,1,
2026-08-31 15:44:17,fetch_races.py,race.netkeiba.com,/race/result.html,200,0.52,1,
2026-08-31 15:44:20,fetch_races.py,race.netkeiba.com,/race/result.html,200,0.49,1,
2026-08-31 15:44:27,fetch_races.py,db.netkeiba.com,/horse/result/2023107229/,200,0.39,1,
2026-08-31 15:44:27,fetch_races.py,race.netkeiba.com,/race/result.html,200,0.59,1,
2026-08-31 15:44:30,fetch_races.py,race.netkeiba.com,/race/result.html,200,0.61,1,
2026-08-31 15:44:33,fetch_races.py,race.netkeiba.com,/race/result.html,200,0.46,1,
2026-08-31 15:44:35,fetch_races.py,race.netkeiba.com,/race/result.html,200,0.49,1,
2026-08-31 15:44:38,fetch_races.py,race.netkeiba.com,/race/result.html,200,0.44,1,
2026-08-31 15:44:41,fetch_races.py,race.netkeiba.com,/race/result.html,200,0.57,1,
2026-08-31 15:44:43,fetch_races.py,race.netkeiba.com,/race/result.html,200,0.62,1,
2026-08-31 15:44:51,fetch_races.py,db.netkeiba.com,/horse/result/2023104406/,200,0.39,1,
2026-08-31 15:44:51,fetch_races.py,race.netkeiba.com,/race/result.html,200,0.52,1,
2026-08-31 15:44:54,fetch_races.py,race.netkeiba.com,/race/result.html,200,0.61,1,
2026-08-31 15:44:57,fetch_races.py,race.netkeiba.com,/race/result.html,200,0.5,1,
2026-08-31 15:44:59,fetch_races.py,race.netkeiba.com,/race/result.html,200,0.49,1,
2026-08-31 15:45:09,fetch_races.py,db.netkeiba.com,/horse/result/2023103462/,200,0.34,1,
2026-08-31 15:45:09,fetch_races.py,race.netkeiba.com,/race/result.html,200,0.63,1,
2026-08-31 15:45:12,fetch_races.py,race.netkeiba.com,/race/result.html,200,0.5,1,
2026-08-31 15:45:20,fetch_races.py,db.netkeiba.com,/horse/result/2023103695/,200,0.33,1,
2026-08-31 15:45:27,fetch_races.py,db.netkeiba.com,/horse/result/2023103457/,200,0.3,1,
2026-08-31 15:45:27,fetch_races.py,race.netkeiba.com,/race/result.html,200,0.59,1,
2026-08-31 15:45:30,fetch_races.py,race.netkeiba.com,/race/result.html,200,0.46,1,
2026-08-31 15:45:32,fetch_races.py,race.netkeiba.com,/race/result.html,200,0.61,1,
2026-08-31 15:45:34,fetch_races.py,race.netkeiba.com,/race/result.html,200,0.48,1,
2026-08-31 15:45:43,fetch_races.py,db.netkeiba.com,/horse/result/2023104399/,200,0.36,1,
2026-08-31 15:45:44,fetch_races.py,race.netkeiba.com,/race/result.html,200,0.48,1,
2026-08-31 15:45:47,fetch_races.py,race.netkeiba.com,/race/result.html,200,0.5,1,
2026-08-31 15:45:49,fetch_races.py,race.netkeiba.com,/race/result.html,200,0.5,1,
2026-08-31 15:45:56,fetch_races.py,db.netkeiba.com,/horse/result/2023100913/,200,0.39,1,
2026-08-31 15:45:57,fetch_races.py,race.netkeiba.com,/race/result.html,200,0.6,1,
2026-08-31 15:46:00,fetch_races.py,race.netkeiba.com,/race/result.html,200,0.61,1,
2026-08-31 15:46:03,fetch_races.py,race.netkeiba.com,/race/result.html,200,0.48,1,
2026-08-31 15:46:06,fetch_races.py,race.netkeiba.com,/race/result.html,200,0.49,1,
2026-08-31 15:46:14,fetch_races.py,db.netkeiba.com,/horse/result/2023105335/,200,0.35,1,
2026-08-31 15:46:15,fetch_races.py,race.netkeiba.com,/race/result.html,200,0.48,1,
2026-08-31 15:46:17,fetch_races.py,race.netkeiba.com,/race/result.html,200,0.61,1,
2026-08-31 15:46:20,fetch_races.py,race.netkeiba.com,/race/result.html,200,0.59,1,
2026-08-31 15:46:22,fetch_races.py,race.netkeiba.com,/race/result.html,200,0.57,1,
2026-08-31 15:46:24,fetch_races.py,race.netkeiba.com,/race/result.html,200,0.51,1,
2026-08-31 15:46:27,fetch_races.py,race.netkeiba.com,/race/result.html,200,0.39,1,
2026-08-31 15:46:36,fetch_races.py,db.netkeiba.com,/horse/result/2023104387/,200,0.43,1,
2026-08-31 15:46:36,fetch_races.py,race.netkeiba.com,/race/result.html,200,0.64,1,
2026-08-31 15:46:39,fetch_races.py,race.netkeiba.com,/race/result.html,200,0.62,1,
2026-08-31 15:46:41,fetch_races.py,race.netkeiba.com,/race/result.html,200,0.49,1,
2026-08-31 15:46:44,fetch_races.py,race.netkeiba.com,/race/result.html,200,0.47,1,
2026-08-31 15:46:46,fetch_races.py,race.netkeiba.com,/race/result.html,200,0.49,1,
2026-08-31 15:46:49,fetch_races.py,race.netkeiba.com,/race/result.html,200,0.49,1,
2026-08-31 15:46:52,fetch_races.py,race.netkeiba.com,/race/result.html,200,0.59,1,
2026-08-31 15:46:55,fetch_races.py,race.netkeiba.com,/race/result.html,200,0.61,1,
2026-08-31 15:46:57,fetch_races.py,race.netkeiba.com,/race/result.html,200,0.48,1,
2026-08-31 15:47:00,fetch_races.py,race.netkeiba.com,/race/result.html,200,0.49,1,
2026-08-31 15:47:09,fetch_races.py,db.netkeiba.com,/horse/result/2023100627/,200,0.32,1,
2026-08-31 15:47:09,fetch_races.py,race.netkeiba.com,/race/result.html,200,0.42,1,
2026-08-31 15:47:12,fetch_races.py,race.netkeiba.com,/race/result.html,200,0.44,1,
2026-08-31 15:47:14,fetch_races.py,race.netkeiba.com,/race/result.html,200,0.36,1,
2026-08-31 15:47:17,fetch_races.py,race.netkeiba.com,/race/result.html,200,0.64,1,
2026-08-31 15:47:20,fetch_races.py,race.netkeiba.com,/race/result.html,200,0.57,1,
2026-08-31 15:47:23,fetch_races.py,race.netkeiba.com,/race/result.html,200,0.64,1,
2026-08-31 15:47:25,fetch_races.py,race.netkeiba.com,/race/result.html,200,0.54,1,
2026-08-31 15:47:28,fetch_races.py,race.netkeiba.com,/race/result.html,200,0.58,1,
2026-08-31 15:47:36,fetch_races.py,db.netkeiba.com,/horse/result/2023104418/,200,0.41,1,
2026-08-31 15:47:36,fetch_races.py,race.netkeiba.com,/race/result.html,200,0.63,1,
2026-08-31 15:47:39,fetch_races.py,race.netkeiba.com,/race/result.html,200,0.48,1,
2026-08-31 15:47:41,fetch_races.py,nar.netkeiba.com,/race/result.html,200,0.25,1,
2026-08-31 15:47:44,fetch_races.py,race.netkeiba.com,/race/result.html,200,0.62,1,
2026-08-31 15:47:46,fetch_races.py,race.netkeiba.com,/race/result.html,200,0.5,1,
2026-08-31 15:47:48,fetch_races.py,race.netkeiba.com,/race/result.html,200,0.48,1,
2026-08-31 15:47:51,fetch_races.py,race.netkeiba.com,/race/result.html,200,0.65,1,
2026-08-31 15:47:59,fetch_races.py,db.netkeiba.com,/horse/result/2023105296/,200,0.27,1,
2026-08-31 15:48:05,fetch_races.py,db.netkeiba.com,/horse/result/2023105789/,200,0.32,1,
2026-08-31 15:48:05,fetch_races.py,race.netkeiba.com,/race/result.html,200,0.31,1,
2026-08-31 15:48:08,fetch_races.py,race.netkeiba.com,/race/result.html,200,0.49,1,
2026-08-31 15:48:11,fetch_races.py,race.netkeiba.com,/race/result.html,200,0.6,1,
2026-08-31 15:48:13,fetch_races.py,race.netkeiba.com,/race/result.html,200,0.47,1,
2026-08-31 15:48:15,fetch_races.py,race.netkeiba.com,/race/result.html,200,0.39,1,
2026-08-31 15:48:18,fetch_races.py,race.netkeiba.com,/race/result.html,200,0.48,1,
2026-08-31 15:48:20,fetch_races.py,race.netkeiba.com,/race/result.html,200,0.46,1,
2026-08-31 15:48:22,fetch_races.py,race.netkeiba.com,/race/result.html,200,0.5,1,
2026-08-31 15:48:31,fetch_races.py,db.netkeiba.com,/horse/result/2023105383/,200,0.29,1,
2026-08-31 15:48:37,fetch_races.py,db.netkeiba.com,/horse/result/2023104690/,200,0.44,1,
2026-08-31 15:48:37,fetch_races.py,race.netkeiba.com,/race/result.html,200,0.29,1,
2026-08-31 15:48:40,fetch_races.py,race.netkeiba.com,/race/result.html,200,0.38,1,
2026-08-31 15:48:43,fetch_races.py,race.netkeiba.com,/race/result.html,200,0.58,1,
2026-08-31 15:48:45,fetch_races.py,race.netkeiba.com,/race/result.html,200,0.58,1,
2026-08-31 15:48:48,fetch_races.py,race.netkeiba.com,/race/result.html,200,0.48,1,
2026-08-31 15:48:50,fetch_races.py,race.netkeiba.com,/race/result.html,200,0.62,1,
2026-08-31 15:48:53,fetch_races.py,race.netkeiba.com,/race/result.html,200,0.62,1,
2026-08-31 15:48:56,fetch_races.py,race.netkeiba.com,/race/result.html,200,0.57,1,
2026-08-31 15:48:59,fetch_races.py,race.netkeiba.com,/race/result.html,200,0.49,1,
2026-08-31 15:49:01,fetch_races.py,race.netkeiba.com,/race/result.html,200,0.58,1,
2026-08-31 15:49:09,fetch_races.py,db.netkeiba.com,/horse/result/2023102916/,200,0.38,1,
2026-08-31 15:49:10,fetch_races.py,race.netkeiba.com,/race/result.html,200,0.65,1,
2026-08-31 15:49:12,fetch_races.py,race.netkeiba.com,/race/result.html,200,0.46,1,
2026-08-31 15:49:15,fetch_races.py,race.netkeiba.com,/race/result.html,200,0.46,1,
2026-08-31 15:49:23,fetch_races.py,db.netkeiba.com,/horse/result/2023106716/,200,0.32,1,
2026-08-31 15:49:24,fetch_races.py,race.netkeiba.com,/race/result.html,200,0.52,1,
2026-08-31 15:49:26,fetch_races.py,race.netkeiba.com,/race/result.html,200,0.61,1,
2026-08-31 15:49:29,fetch_races.py,race.netkeiba.com,/race/result.html,200,0.48,1,
2026-08-31 15:49:31,fetch_races.py,race.netkeiba.com,/race/result.html,200,0.56,1,
2026-08-31 15:49:34,fetch_races.py,race.netkeiba.com,/race/result.html,200,0.59,1,
2026-08-31 15:49:43,fetch_races.py,db.netkeiba.com,/horse/result/2023107278/,200,0.41,1,
2026-08-31 15:49:43,fetch_races.py,race.netkeiba.com,/race/result.html,200,0.63,1,
2026-08-31 15:49:46,fetch_races.py,race.netkeiba.com,/race/result.html,200,0.61,1,
2026-08-31 15:49:48,fetch_races.py,race.netkeiba.com,/race/result.html,200,0.41,1,
2026-08-31 15:49:50,fetch_races.py,race.netkeiba.com,/race/result.html,200,0.63,1,
2026-08-31 15:49:53,fetch_races.py,race.netkeiba.com,/race/result.html,200,0.63,1,
2026-08-31 15:49:56,fetch_races.py,race.netkeiba.com,/race/result.html,200,0.6,1,
2026-08-31 15:50:06,fetch_races.py,db.netkeiba.com,/horse/result/2023107238/,200,0.36,1,
2026-08-31 15:50:06,fetch_races.py,race.netkeiba.com,/race/result.html,200,0.48,1,
2026-08-31 15:50:08,fetch_races.py,race.netkeiba.com,/race/result.html,200,0.61,1,
2026-08-31 15:50:11,fetch_races.py,race.netkeiba.com,/race/result.html,200,0.51,1,
2026-08-31 15:50:13,fetch_races.py,race.netkeiba.com,/race/result.html,200,0.62,1,
2026-08-31 15:50:16,fetch_races.py,race.netkeiba.com,/race/result.html,200,0.46,1,
2026-08-31 15:50:25,fetch_races.py,db.netkeiba.com,/horse/result/2023102906/,200,0.34,1,
2026-08-31 15:50:25,fetch_races.py,race.netkeiba.com,/race/result.html,200,0.49,1,
2026-08-31 15:50:28,fetch_races.py,race.netkeiba.com,/race/result.html,200,0.5,1,
2026-08-31 15:50:31,fetch_races.py,race.netkeiba.com,/race/result.html,200,0.57,1,
2026-08-31 15:50:34,fetch_races.py,race.netkeiba.com,/race/result.html,200,0.6,1,
2026-08-31 15:50:37,fetch_races.py,race.netkeiba.com,/race/result.html,200,0.66,1,
2026-08-31 15:50:39,fetch_races.py,race.netkeiba.com,/race/result.html,200,0.48,1,
2026-08-31 15:50:42,fetch_races.py,race.netkeiba.com,/race/result.html,200,0.47,1,
2026-08-31 15:50:44,fetch_races.py,race.netkeiba.com,/race/result.html,200,0.49,1,
2026-08-31 15:50:47,fetch_races.py,race.netkeiba.com,/race/result.html,200,0.63,1,
2026-08-31 15:50:50,fetch_races.py,race.netkeiba.com,/race/result.html,200,0.5,1,
2026-08-31 15:50:57,fetch_races.py,db.netkeiba.com,/horse/result/2023107004/,200,0.39,1,
2026-08-31 15:50:58,fetch_races.py,race.netkeiba.com,/race/result.html,200,0.57,1,
2026-08-31 15:51:01,fetch_races.py,race.netkeiba.com,/race/result.html,200,0.49,1,
2026-08-31 15:51:08,fetch_races.py,db.netkeiba.com,/horse/result/2023106188/,200,0.34,1,
2026-08-31 15:51:09,fetch_races.py,race.netkeiba.com,/race/result.html,200,0.6,1,
2026-08-31 15:51:11,fetch_races.py,race.netkeiba.com,/race/result.html,200,0.61,1,
2026-08-31 15:51:14,fetch_races.py,race.netkeiba.com,/race/result.html,200,0.44,1,
2026-08-31 15:51:16,fetch_races.py,race.netkeiba.com,/race/result.html,200,0.51,1,
2026-08-31 15:51:19,fetch_races.py,race.netkeiba.com,/race/result.html,200,0.61,1,
2026-08-31 15:51:22,fetch_races.py,race.netkeiba.com,/race/result.html,200,0.6,1,
2026-08-31 15:51:24,fetch_races.py,race.netkeiba.com,/race/result.html,200,0.48,1,
2026-08-31 15:51:27,fetch_races.py,race.netkeiba.com,/race/result.html,200,0.64,1,
2026-08-31 15:51:30,fetch_races.py,race.netkeiba.com,/race/result.html,200,0.63,1,
2026-08-31 15:51:32,fetch_races.py,race.netkeiba.com,/race/result.html,200,0.61,1,
2026-08-31 15:51:39,fetch_races.py,db.netkeiba.com,/horse/result/2023106148/,200,0.4,1,
2026-08-31 15:51:39,fetch_races.py,race.netkeiba.com,/race/result.html,200,0.31,1,
2026-08-31 15:51:42,fetch_races.py,race.netkeiba.com,/race/result.html,200,0.44,1,
2026-08-31 15:51:44,fetch_races.py,race.netkeiba.com,/race/result.html,200,0.61,1,
2026-08-31 15:51:47,fetch_races.py,race.netkeiba.com,/race/result.html,200,0.63,1,
2026-08-31 15:51:50,fetch_races.py,race.netkeiba.com,/race/result.html,200,0.56,1,
2026-08-31 15:51:52,fetch_races.py,race.netkeiba.com,/race/result.html,200,0.45,1,
2026-08-31 15:51:55,fetch_races.py,race.netkeiba.com,/race/result.html,200,0.57,1,
2026-08-31 15:51:57,fetch_races.py,race.netkeiba.com,/race/result.html,200,0.49,1,
2026-08-31 15:52:00,fetch_races.py,race.netkeiba.com,/race/result.html,200,0.5,1,
2026-08-31 15:52:02,fetch_races.py,race.netkeiba.com,/race/result.html,200,0.54,1,
2026-08-31 15:52:05,fetch_races.py,race.netkeiba.com,/race/result.html,200,0.51,1,
2026-08-31 15:52:07,fetch_races.py,race.netkeiba.com,/race/result.html,200,0.6,1,
2026-08-31 15:52:16,fetch_races.py,db.netkeiba.com,/horse/result/2023100069/,200,0.36,1,
2026-08-31 15:52:16,fetch_races.py,nar.netkeiba.com,/race/result.html,200,0.26,1,
2026-08-31 15:52:19,fetch_races.py,nar.netkeiba.com,/race/result.html,200,0.23,1,
2026-08-31 15:52:21,fetch_races.py,nar.netkeiba.com,/race/result.html,200,0.22,1,
2026-08-31 15:52:23,fetch_races.py,nar.netkeiba.com,/race/result.html,200,0.29,1,
2026-08-31 15:52:25,fetch_races.py,nar.netkeiba.com,/race/result.html,200,0.31,1,
2026-08-31 15:52:28,fetch_races.py,nar.netkeiba.com,/race/result.html,200,0.3,1,
2026-08-31 15:52:30,fetch_races.py,nar.netkeiba.com,/race/result.html,200,0.29,1,
2026-08-31 15:52:32,fetch_races.py,race.netkeiba.com,/race/result.html,200,0.63,1,
2026-08-31 15:52:35,fetch_races.py,race.netkeiba.com,/race/result.html,200,0.64,1,
2026-08-31 15:52:43,fetch_races.py,db.netkeiba.com,/horse/result/2023104552/,200,0.33,1,
2026-08-31 15:52:44,fetch_races.py,race.netkeiba.com,/race/result.html,200,0.59,1,
2026-08-31 15:52:47,fetch_races.py,race.netkeiba.com,/race/result.html,200,0.48,1,
2026-08-31 15:52:49,fetch_races.py,race.netkeiba.com,/race/result.html,200,0.59,1,
2026-08-31 15:52:52,fetch_races.py,race.netkeiba.com,/race/result.html,200,0.46,1,
2026-08-31 15:52:55,fetch_races.py,race.netkeiba.com,/race/result.html,200,0.52,1,
2026-08-31 15:52:58,fetch_races.py,race.netkeiba.com,/race/result.html,200,0.5,1,
2026-08-31 15:53:07,fetch_races.py,db.netkeiba.com,/horse/result/2023104374/,200,0.38,1,
2026-08-31 15:53:07,fetch_races.py,race.netkeiba.com,/race/result.html,200,0.29,1,
2026-08-31 15:53:09,fetch_races.py,race.netkeiba.com,/race/result.html,200,0.49,1,
2026-08-31 15:53:12,fetch_races.py,race.netkeiba.com,/race/result.html,200,0.47,1,
2026-08-31 15:53:15,fetch_races.py,race.netkeiba.com,/race/result.html,200,0.59,1,
2026-08-31 15:53:17,fetch_races.py,race.netkeiba.com,/race/result.html,200,0.47,1,
2026-08-31 15:53:20,fetch_races.py,race.netkeiba.com,/race/result.html,200,0.46,1,
2026-08-31 15:53:27,fetch_races.py,db.netkeiba.com,/horse/result/2023104380/,200,0.32,1,
2026-08-31 15:53:27,fetch_races.py,race.netkeiba.com,/race/result.html,200,0.47,1,
2026-08-31 15:53:36,fetch_races.py,db.netkeiba.com,/horse/result/2023106281/,200,0.31,1,
2026-08-31 15:53:36,fetch_races.py,race.netkeiba.com,/race/result.html,200,0.39,1,
2026-08-31 15:53:45,fetch_races.py,db.netkeiba.com,/horse/result/2023102808/,200,0.33,1,
2026-08-31 15:53:45,fetch_races.py,race.netkeiba.com,/race/result.html,200,0.31,1,
2026-08-31 15:53:48,fetch_races.py,race.netkeiba.com,/race/result.html,200,0.49,1,
2026-08-31 15:53:51,fetch_races.py,race.netkeiba.com,/race/result.html,200,0.73,1,
2026-08-31 15:53:53,fetch_races.py,race.netkeiba.com,/race/result.html,200,0.53,1,
2026-08-31 15:54:02,fetch_races.py,db.netkeiba.com,/horse/result/2023104389/,200,0.35,1,
2026-08-31 15:54:02,fetch_races.py,race.netkeiba.com,/race/result.html,200,0.48,1,
2026-08-31 15:54:05,fetch_races.py,race.netkeiba.com,/race/result.html,200,0.5,1,
2026-08-31 15:54:08,fetch_races.py,race.netkeiba.com,/race/result.html,200,0.63,1,
2026-08-31 15:54:11,fetch_races.py,race.netkeiba.com,/race/result.html,200,0.47,1,
2026-08-31 15:54:13,fetch_races.py,race.netkeiba.com,/race/result.html,200,0.47,1,
2026-08-31 15:54:21,fetch_races.py,db.netkeiba.com,/horse/result/2023102172/,200,0.31,1,
2026-08-31 15:54:21,fetch_races.py,race.netkeiba.com,/race/result.html,200,0.62,1,
2026-08-31 15:54:24,fetch_races.py,race.netkeiba.com,/race/result.html,200,0.61,1,
2026-08-31 15:54:26,fetch_races.py,race.netkeiba.com,/race/result.html,200,0.5,1,
2026-08-31 15:54:29,fetch_races.py,race.netkeiba.com,/race/result.html,200,0.65,1,
2026-08-31 15:54:32,fetch_races.py,race.netkeiba.com,/race/result.html,200,0.61,1,
2026-08-31 15:54:34,fetch_races.py,race.netkeiba.com,/race/result.html,200,0.51,1,
2026-08-31 15:54:42,fetch_races.py,db.netkeiba.com,/horse/result/2023105349/,200,0.39,1,
2026-08-31 15:54:42,fetch_races.py,race.netkeiba.com,/race/result.html,200,0.51,1,
2026-08-31 15:54:45,fetch_races.py,race.netkeiba.com,/race/result.html,200,0.51,1,
2026-08-31 15:54:48,fetch_races.py,race.netkeiba.com,/race/result.html,200,0.63,1,
2026-08-31 15:54:50,fetch_races.py,race.netkeiba.com,/race/result.html,200,0.47,1,
2026-08-31 15:54:52,fetch_races.py,race.netkeiba.com,/race/result.html,200,0.45,1,
2026-08-31 15:55:00,fetch_races.py,db.netkeiba.com,/horse/result/2023105593/,200,0.38,1,
2026-08-31 15:55:01,fetch_races.py,race.netkeiba.com,/race/result.html,200,0.38,1,
2026-08-31 15:55:03,fetch_races.py,race.netkeiba.com,/race/result.html,200,0.49,1,
2026-08-31 15:55:06,fetch_races.py,race.netkeiba.com,/race/result.html,200,0.58,1,
2026-08-31 15:55:08,fetch_races.py,race.netkeiba.com,/race/result.html,200,0.6,1,
2026-08-31 15:55:10,fetch_races.py,race.netkeiba.com,/race/result.html,200,0.59,1,
2026-08-31 15:55:13,fetch_races.py,race.netkeiba.com,/race/result.html,200,0.62,1,
2026-08-31 15:55:16,fetch_races.py,race.netkeiba.com,/race/result.html,200,0.59,1,
2026-08-31 15:55:25,fetch_races.py,db.netkeiba.com,/horse/result/2023107248/,200,0.31,1,
2026-08-31 15:55:30,fetch_races.py,db.netkeiba.com,/horse/result/2023105371/,200,0.42,1,
2026-08-31 15:55:31,fetch_races.py,race.netkeiba.com,/race/result.html,200,0.51,1,
2026-08-31 15:55:33,fetch_races.py,race.netkeiba.com,/race/result.html,200,0.49,1,
2026-08-31 15:55:36,fetch_races.py,race.netkeiba.com,/race/result.html,200,0.49,1,
2026-08-31 15:55:38,fetch_races.py,race.netkeiba.com,/race/result.html,200,0.49,1,
2026-08-31 15:55:41,fetch_races.py,nar.netkeiba.com,/race/result.html,200,0.32,1,
2026-08-31 15:55:43,fetch_races.py,race.netkeiba.com,/race/result.html,200,0.52,1,
2026-08-31 15:55:46,fetch_races.py,race.netkeiba.com,/race/result.html,200,0.36,1,
2026-08-31 15:55:49,fetch_races.py,race.netkeiba.com,/race/result.html,200,0.61,1,
2026-08-31 15:55:51,fetch_races.py,race.netkeiba.com,/race/result.html,200,0.45,1,
2026-08-31 15:55:53,fetch_races.py,race.netkeiba.com,/race/result.html,200,0.58,1,
2026-08-31 15:56:01,fetch_races.py,db.netkeiba.com,/horse/result/2023106285/,200,0.44,1,
2026-08-31 15:56:01,fetch_races.py,race.netkeiba.com,/race/result.html,200,0.37,1,
2026-08-31 15:56:03,fetch_races.py,race.netkeiba.com,/race/result.html,200,0.48,1,
2026-08-31 15:56:06,fetch_races.py,race.netkeiba.com,/race/result.html,200,0.51,1,
2026-08-31 15:56:09,fetch_races.py,race.netkeiba.com,/race/result.html,200,0.62,1,
2026-08-31 15:56:11,fetch_races.py,race.netkeiba.com,/race/result.html,200,0.47,1,
2026-08-31 15:56:14,fetch_races.py,race.netkeiba.com,/race/result.html,200,0.38,1,
2026-08-31 15:56:16,fetch_races.py,race.netkeiba.com,/race/result.html,200,0.6,1,
2026-08-31 15:56:19,fetch_races.py,race.netkeiba.com,/race/result.html,200,0.39,1,
2026-08-31 15:56:21,fetch_races.py,race.netkeiba.com,/race/result.html,200,0.57,1,
2026-08-31 15:56:24,fetch_races.py,race.netkeiba.com,/race/result.html,200,0.47,1,
2026-08-31 15:56:33,fetch_races.py,db.netkeiba.com,/horse/result/2023103531/,200,0.39,1,
2026-08-31 15:56:33,fetch_races.py,race.netkeiba.com,/race/result.html,200,0.61,1,
2026-08-31 15:56:36,fetch_races.py,race.netkeiba.com,/race/result.html,200,0.48,1,
2026-08-31 15:56:38,fetch_races.py,race.netkeiba.com,/race/result.html,200,0.47,1,
2026-08-31 15:56:41,fetch_races.py,race.netkeiba.com,/race/result.html,200,0.63,1,
2026-08-31 15:56:44,fetch_races.py,race.netkeiba.com,/race/result.html,200,0.6,1,
2026-08-31 15:56:53,fetch_races.py,db.netkeiba.com,/horse/result/2023100497/,200,0.31,1,
2026-08-31 15:56:53,fetch_races.py,race.netkeiba.com,/race/result.html,200,0.57,1,
2026-08-31 15:56:56,fetch_races.py,race.netkeiba.com,/race/result.html,200,0.61,1,
2026-08-31 15:57:03,fetch_races.py,db.netkeiba.com,/horse/result/2023100804/,200,0.36,1,
2026-08-31 15:57:04,fetch_races.py,nar.netkeiba.com,/race/result.html,200,0.32,1,
2026-08-31 15:57:06,fetch_races.py,race.netkeiba.com,/race/result.html,200,0.45,1,
2026-08-31 15:57:09,fetch_races.py,race.netkeiba.com,/race/result.html,200,0.49,1,
2026-08-31 15:57:12,fetch_races.py,nar.netkeiba.com,/race/result.html,200,0.22,1,
2026-08-31 15:57:15,fetch_races.py,race.netkeiba.com,/race/result.html,200,0.6,1,
2026-08-31 15:57:17,fetch_races.py,race.netkeiba.com,/race/result.html,200,0.49,1,
2026-08-31 15:57:20,fetch_races.py,race.netkeiba.com,/race/result.html,200,0.48,1,
2026-08-31 15:57:22,fetch_races.py,race.netkeiba.com,/race/result.html,200,0.43,1,
2026-08-31 15:57:29,fetch_races.py,db.netkeiba.com,/horse/result/2023105898/,200,0.27,1,
2026-08-31 15:57:36,fetch_races.py,db.netkeiba.com,/horse/result/2023101702/,200,0.33,1,
2026-08-31 15:57:36,fetch_races.py,race.netkeiba.com,/race/result.html,200,0.48,1,
2026-08-31 15:57:39,fetch_races.py,race.netkeiba.com,/race/result.html,200,0.62,1,
2026-08-31 15:57:41,fetch_races.py,race.netkeiba.com,/race/result.html,200,0.57,1,
2026-08-31 15:57:44,fetch_races.py,race.netkeiba.com,/race/result.html,200,0.61,1,
2026-08-31 15:57:47,fetch_races.py,race.netkeiba.com,/race/result.html,200,0.38,1,
2026-08-31 15:57:49,fetch_races.py,race.netkeiba.com,/race/result.html,200,0.63,1,
2026-08-31 15:57:58,fetch_races.py,db.netkeiba.com,/horse/result/2023104402/,200,0.32,1,
2026-08-31 15:57:58,fetch_races.py,race.netkeiba.com,/race/result.html,200,0.59,1,
2026-08-31 15:58:01,fetch_races.py,race.netkeiba.com,/race/result.html,200,0.5,1,
2026-08-31 15:58:04,fetch_races.py,race.netkeiba.com,/race/result.html,200,0.6,1,
2026-08-31 15:58:06,fetch_races.py,race.netkeiba.com,/race/result.html,200,0.49,1,
2026-08-31 15:58:09,fetch_races.py,race.netkeiba.com,/race/result.html,200,0.61,1,
2026-08-31 15:58:11,fetch_races.py,race.netkeiba.com,/race/result.html,200,0.53,1,
2026-08-31 15:58:14,fetch_races.py,race.netkeiba.com,/race/result.html,200,0.61,1,
2026-08-31 15:58:22,fetch_races.py,db.netkeiba.com,/horse/result/2023100732/,200,0.41,1,
2026-08-31 15:58:23,fetch_races.py,nar.netkeiba.com,/race/result.html,200,0.31,1,
2026-08-31 15:58:25,fetch_races.py,race.netkeiba.com,/race/result.html,200,0.49,1,
2026-08-31 15:58:28,fetch_races.py,race.netkeiba.com,/race/result.html,200,0.48,1,
2026-08-31 15:58:31,fetch_races.py,race.netkeiba.com,/race/result.html,200,0.45,1,
2026-08-31 15:58:34,fetch_races.py,race.netkeiba.com,/race/result.html,200,0.62,1,
2026-08-31 15:58:37,fetch_races.py,race.netkeiba.com,/race/result.html,200,0.47,1,
2026-08-31 15:58:40,fetch_races.py,race.netkeiba.com,/race/result.html,200,0.62,1,
2026-08-31 15:58:49,fetch_races.py,db.netkeiba.com,/horse/result/2023100718/,200,0.4,1,
2026-08-31 15:58:49,fetch_races.py,race.netkeiba.com,/race/result.html,200,0.3,1,
2026-08-31 15:58:52,fetch_races.py,race.netkeiba.com,/race/result.html,200,0.66,1,
2026-08-31 15:58:55,fetch_races.py,race.netkeiba.com,/race/result.html,200,0.49,1,
2026-08-31 15:58:57,fetch_races.py,race.netkeiba.com,/race/result.html,200,0.5,1,
2026-08-31 15:58:59,fetch_races.py,race.netkeiba.com,/race/result.html,200,0.59,1,
2026-08-31 15:59:01,fetch_races.py,race.netkeiba.com,/race/result.html,200,0.36,1,
2026-08-31 15:59:04,fetch_races.py,race.netkeiba.com,/race/result.html,200,0.35,1,
2026-08-31 15:59:13,fetch_races.py,db.netkeiba.com,/horse/result/2023103075/,200,0.41,1,
2026-08-31 15:59:13,fetch_races.py,race.netkeiba.com,/race/result.html,200,0.43,1,
2026-08-31 15:59:15,fetch_races.py,race.netkeiba.com,/race/result.html,200,0.46,1,
2026-08-31 15:59:18,fetch_races.py,race.netkeiba.com,/race/result.html,200,0.48,1,
2026-08-31 15:59:21,fetch_races.py,race.netkeiba.com,/race/result.html,200,0.58,1,
2026-08-31 15:59:24,fetch_races.py,race.netkeiba.com,/race/result.html,200,0.59,1,
2026-08-31 15:59:26,fetch_races.py,race.netkeiba.com,/race/result.html,200,0.51,1,
2026-08-31 15:59:29,fetch_races.py,race.netkeiba.com,/race/result.html,200,0.61,1,
2026-08-31 15:59:32,fetch_races.py,race.netkeiba.com,/race/result.html,200,0.51,1,
2026-08-31 15:59:41,fetch_races.py,db.netkeiba.com,/horse/result/2023103372/,200,0.35,1,
2026-08-31 15:59:41,fetch_races.py,nar.netkeiba.com,/race/result.html,200,0.27,1,
2026-08-31 15:59:43,fetch_races.py,race.netkeiba.com,/race/result.html,200,0.43,1,
2026-08-31 15:59:46,fetch_races.py,race.netkeiba.com,/race/result.html,200,0.47,1,
2026-08-31 15:59:49,fetch_races.py,race.netkeiba.com,/race/result.html,200,0.6,1,
2026-08-31 15:59:51,fetch_races.py,race.netkeiba.com,/race/result.html,200,0.66,1,
2026-08-31 15:59:54,fetch_races.py,race.netkeiba.com,/race/result.html,200,0.59,1,
2026-08-31 16:00:01,fetch_races.py,db.netkeiba.com,/horse/result/2023102088/,200,0.38,1,
2026-08-31 16:00:01,fetch_races.py,nar.netkeiba.com,/race/result.html,200,0.3,1,
2026-08-31 16:00:04,fetch_races.py,nar.netkeiba.com,/race/result.html,200,0.33,1,
2026-08-31 16:00:07,fetch_races.py,race.netkeiba.com,/race/result.html,200,0.48,1,
2026-08-31 16:00:09,fetch_races.py,race.netkeiba.com,/race/result.html,200,0.45,1,
2026-08-31 16:00:12,fetch_races.py,race.netkeiba.com,/race/result.html,200,0.5,1,
2026-08-31 16:00:21,fetch_races.py,db.netkeiba.com,/horse/result/2023103580/,200,0.36,1,
2026-08-31 16:00:22,fetch_races.py,race.netkeiba.com,/race/result.html,200,0.59,1,
2026-08-31 16:00:24,fetch_races.py,race.netkeiba.com,/race/result.html,200,0.49,1,
2026-08-31 16:00:26,fetch_races.py,race.netkeiba.com,/race/result.html,200,0.48,1,
2026-08-31 16:00:28,fetch_races.py,race.netkeiba.com,/race/result.html,200,0.59,1,
2026-08-31 16:00:37,fetch_races.py,db.netkeiba.com,/horse/result/2023104405/,200,0.89,1,
2026-08-31 16:00:37,fetch_races.py,race.netkeiba.com,/race/result.html,200,0.42,1,
2026-08-31 16:00:40,fetch_races.py,race.netkeiba.com,/race/result.html,200,0.65,1,
2026-08-31 16:00:43,fetch_races.py,race.netkeiba.com,/race/result.html,200,0.42,1,
2026-08-31 16:00:46,fetch_races.py,race.netkeiba.com,/race/result.html,200,0.69,1,
2026-08-31 16:00:48,fetch_races.py,race.netkeiba.com,/race/result.html,200,0.58,1,
2026-08-31 16:00:51,fetch_races.py,race.netkeiba.com,/race/result.html,200,0.47,1,
2026-08-31 16:00:53,fetch_races.py,race.netkeiba.com,/race/result.html,200,0.51,1,
2026-08-31 16:01:00,fetch_races.py,db.netkeiba.com,/horse/result/2023101575/,200,0.33,1,
2026-08-31 16:01:01,fetch_races.py,nar.netkeiba.com,/race/result.html,200,0.29,1,
2026-08-31 16:01:03,fetch_races.py,nar.netkeiba.com,/race/result.html,200,0.25,1,
2026-08-31 16:01:05,fetch_races.py,nar.netkeiba.com,/race/result.html,200,0.24,1,
2026-08-31 16:01:08,fetch_races.py,race.netkeiba.com,/race/result.html,200,0.49,1,
2026-08-31 16:01:10,fetch_races.py,race.netkeiba.com,/race/result.html,200,0.62,1,
2026-08-31 16:01:13,fetch_races.py,race.netkeiba.com,/race/result.html,200,0.47,1,
2026-08-31 16:01:21,fetch_races.py,db.netkeiba.com,/horse/result/2023107164/,200,0.36,1,
2026-08-31 16:01:22,fetch_races.py,race.netkeiba.com,/race/result.html,200,0.65,1,
2026-08-31 16:01:25,fetch_races.py,race.netkeiba.com,/race/result.html,200,0.54,1,
2026-08-31 16:01:32,fetch_races.py,db.netkeiba.com,/horse/result/2023107039/,200,0.31,1,
2026-08-31 16:01:32,fetch_races.py,race.netkeiba.com,/race/result.html,200,0.62,1,
2026-08-31 16:01:35,fetch_races.py,race.netkeiba.com,/race/result.html,200,0.58,1,
2026-08-31 16:01:38,fetch_races.py,race.netkeiba.com,/race/result.html,200,0.6,1,
2026-08-31 16:01:47,fetch_races.py,db.netkeiba.com,/horse/result/2023105216/,200,0.32,1,
2026-08-31 16:01:48,fetch_races.py,race.netkeiba.com,/race/result.html,200,0.56,1,
2026-08-31 16:01:51,fetch_races.py,race.netkeiba.com,/race/result.html,200,0.64,1,
2026-08-31 16:01:54,fetch_races.py,race.netkeiba.com,/race/result.html,200,0.53,1,
2026-08-31 16:01:56,fetch_races.py,race.netkeiba.com,/race/result.html,200,0.5,1,
2026-08-31 16:02:03,fetch_races.py,db.netkeiba.com,/horse/result/2023102954/,200,0.4,1,
2026-08-31 16:02:04,fetch_races.py,race.netkeiba.com,/race/result.html,200,0.59,1,
2026-08-31 16:02:12,fetch_races.py,db.netkeiba.com,/horse/result/2023106795/,200,0.39,1,
2026-08-31 16:02:13,fetch_races.py,race.netkeiba.com,/race/result.html,200,0.38,1,
2026-08-31 16:02:15,fetch_races.py,race.netkeiba.com,/race/result.html,200,0.37,1,
2026-08-31 16:02:18,fetch_races.py,race.netkeiba.com,/race/result.html,200,0.61,1,
2026-08-31 16:02:20,fetch_races.py,race.netkeiba.com,/race/result.html,200,0.48,1,
2026-08-31 16:02:22,fetch_races.py,race.netkeiba.com,/race/result.html,200,0.45,1,
2026-08-31 16:02:25,fetch_races.py,race.netkeiba.com,/race/result.html,200,0.61,1,
2026-08-31 16:02:28,fetch_races.py,race.netkeiba.com,/race/result.html,200,0.39,1,
2026-08-31 16:02:37,fetch_races.py,db.netkeiba.com,/horse/result/2023103427/,200,0.39,1,
2026-08-31 16:02:38,fetch_races.py,race.netkeiba.com,/race/result.html,200,0.46,1,
2026-08-31 16:02:40,fetch_races.py,race.netkeiba.com,/race/result.html,200,0.62,1,
2026-08-31 16:02:43,fetch_races.py,race.netkeiba.com,/race/result.html,200,0.72,1,
2026-08-31 16:02:45,fetch_races.py,race.netkeiba.com,/race/result.html,200,0.6,1,
2026-08-31 16:02:48,fetch_races.py,race.netkeiba.com,/race/result.html,200,0.63,1,
2026-08-31 16:02:56,fetch_races.py,db.netkeiba.com,/horse/result/2023107105/,200,0.39,1,
2026-08-31 16:02:56,fetch_races.py,race.netkeiba.com,/race/result.html,200,0.61,1,
2026-08-31 16:02:59,fetch_races.py,race.netkeiba.com,/race/result.html,200,0.45,1,
2026-08-31 16:03:01,fetch_races.py,race.netkeiba.com,/race/result.html,200,0.45,1,
2026-08-31 16:03:04,fetch_races.py,race.netkeiba.com,/race/result.html,200,0.44,1,
2026-08-31 16:03:06,fetch_races.py,race.netkeiba.com,/race/result.html,200,0.6,1,
2026-08-31 16:03:09,fetch_races.py,race.netkeiba.com,/race/result.html,200,0.59,1,
2026-08-31 16:03:17,fetch_races.py,db.netkeiba.com,/horse/result/2023103386/,200,0.42,1,
2026-08-31 16:03:17,fetch_races.py,race.netkeiba.com,/race/result.html,200,0.6,1,
2026-08-31 16:03:20,fetch_races.py,race.netkeiba.com,/race/result.html,200,0.56,1,
2026-08-31 16:03:22,fetch_races.py,race.netkeiba.com,/race/result.html,200,0.37,1,
2026-08-31 16:03:25,fetch_races.py,race.netkeiba.com,/race/result.html,200,0.58,1,
2026-08-31 16:03:34,fetch_races.py,db.netkeiba.com,/horse/result/2023107297/,200,0.3,1,
2026-08-31 16:03:35,fetch_races.py,race.netkeiba.com,/race/result.html,200,0.58,1,
2026-08-31 16:03:42,fetch_races.py,db.netkeiba.com,/horse/result/2023104401/,200,0.34,1,
2026-08-31 16:03:43,fetch_races.py,race.netkeiba.com,/race/result.html,200,0.62,1,
2026-08-31 16:03:45,fetch_races.py,race.netkeiba.com,/race/result.html,200,0.46,1,
2026-08-31 16:03:48,fetch_races.py,race.netkeiba.com,/race/result.html,200,0.51,1,
2026-08-31 16:03:51,fetch_races.py,race.netkeiba.com,/race/result.html,200,0.48,1,
2026-08-31 16:03:58,fetch_races.py,db.netkeiba.com,/horse/result/2023100107/,200,0.34,1,
2026-08-31 16:03:58,fetch_races.py,nar.netkeiba.com,/race/result.html,200,0.26,1,
2026-08-31 16:04:00,fetch_races.py,nar.netkeiba.com,/race/result.html,200,0.25,1,
2026-08-31 16:04:03,fetch_races.py,nar.netkeiba.com,/race/result.html,200,0.23,1,
2026-08-31 16:04:05,fetch_races.py,nar.netkeiba.com,/race/result.html,200,0.3,1,
2026-08-31 16:04:07,fetch_races.py,nar.netkeiba.com,/race/result.html,200,0.25,1,
2026-08-31 16:04:10,fetch_races.py,race.netkeiba.com,/race/result.html,200,0.52,1,
2026-08-31 16:04:13,fetch_races.py,race.netkeiba.com,/race/result.html,200,0.58,1,
2026-08-31 16:04:15,fetch_races.py,race.netkeiba.com,/race/result.html,200,0.5,1,
2026-08-31 16:04:18,fetch_races.py,race.netkeiba.com,/race/result.html,200,0.5,1,
2026-08-31 16:04:26,fetch_races.py,db.netkeiba.com,/horse/result/2023106615/,200,0.33,1,
2026-08-31 16:04:27,fetch_races.py,race.netkeiba.com,/race/result.html,200,0.35,1,
2026-08-31 16:04:36,fetch_races.py,db.netkeiba.com,/horse/result/2023107341/,200,0.38,1,
2026-08-31 16:04:36,fetch_races.py,race.netkeiba.com,/race/result.html,200,0.59,1,
2026-08-31 16:04:38,fetch_races.py,race.netkeiba.com,/race/result.html,200,0.45,1,
2026-08-31 16:04:41,fetch_races.py,race.netkeiba.com,/race/result.html,200,0.61,1,
2026-08-31 16:04:43,fetch_races.py,race.netkeiba.com,/race/result.html,200,0.61,1,
2026-08-31 16:04:50,fetch_races.py,db.netkeiba.com,/horse/result/2023107227/,200,0.34,1,
2026-08-31 16:04:51,fetch_races.py,race.netkeiba.com,/race/result.html,200,0.58,1,
2026-08-31 16:04:54,fetch_races.py,race.netkeiba.com,/race/result.html,200,0.61,1,
2026-08-31 16:04:57,fetch_races.py,race.netkeiba.com,/race/result.html,200,0.6,1,
2026-08-31 16:05:00,fetch_races.py,race.netkeiba.com,/race/result.html,200,0.45,1,
2026-08-31 16:05:02,fetch_races.py,race.netkeiba.com,/race/result.html,200,0.68,1,
2026-08-31 16:05:05,fetch_races.py,race.netkeiba.com,/race/result.html,200,0.46,1,
2026-08-31 16:05:08,fetch_races.py,race.netkeiba.com,/race/result.html,200,0.5,1,
2026-08-31 16:05:11,fetch_races.py,race.netkeiba.com,/race/result.html,200,0.51,1,
2026-08-31 16:05:13,fetch_races.py,race.netkeiba.com,/race/result.html,200,0.61,1,
2026-08-31 16:05:22,fetch_races.py,db.netkeiba.com,/horse/result/2023106617/,200,0.34,1,
2026-08-31 16:05:23,fetch_races.py,race.netkeiba.com,/race/result.html,200,0.52,1,
2026-08-31 16:05:25,fetch_races.py,race.netkeiba.com,/race/result.html,200,0.6,1,
2026-08-31 16:05:27,fetch_races.py,race.netkeiba.com,/race/result.html,200,0.59,1,
2026-08-31 16:05:36,fetch_races.py,db.netkeiba.com,/horse/result/2023106625/,200,0.34,1,
2026-08-31 16:05:41,fetch_races.py,db.netkeiba.com,/horse/result/2023104600/,200,0.33,1,
2026-08-31 16:05:48,fetch_races.py,db.netkeiba.com,/horse/result/2023103516/,200,0.29,1,
2026-08-31 16:05:53,fetch_races.py,db.netkeiba.com,/horse/result/2023105793/,200,0.38,1,
2026-08-31 16:05:54,fetch_races.py,race.netkeiba.com,/race/result.html,200,0.53,1,
2026-08-31 16:05:56,fetch_races.py,race.netkeiba.com,/race/result.html,200,0.37,1,
2026-08-31 16:05:59,fetch_races.py,race.netkeiba.com,/race/result.html,200,0.45,1,
2026-08-31 16:06:01,fetch_races.py,race.netkeiba.com,/race/result.html,200,0.35,1,
2026-08-31 16:06:04,fetch_races.py,race.netkeiba.com,/race/result.html,200,0.46,1,
2026-08-31 16:06:12,fetch_races.py,db.netkeiba.com,/horse/result/2023104327/,200,0.32,1,
2026-08-31 16:06:19,fetch_races.py,db.netkeiba.com,/horse/result/2023100972/,200,0.33,1,
2026-08-31 16:06:25,fetch_races.py,db.netkeiba.com,/horse/result/2023103402/,200,0.27,1,
2026-08-31 16:06:32,fetch_races.py,db.netkeiba.com,/horse/result/2023103903/,200,0.36,1,
2026-08-31 16:06:39,fetch_races.py,db.netkeiba.com,/horse/result/2024106121/,200,0.36,1,
2026-08-31 16:06:45,fetch_races.py,db.netkeiba.com,/horse/result/2024100428/,200,0.27,1,
2026-08-31 16:06:51,fetch_races.py,db.netkeiba.com,/horse/result/2024106601/,200,0.28,1,
2026-08-31 16:06:58,fetch_races.py,db.netkeiba.com,/horse/result/2024106612/,200,0.28,1,
2026-08-31 16:07:04,fetch_races.py,db.netkeiba.com,/horse/result/2024106508/,200,0.36,1,
2026-08-31 16:07:05,fetch_races.py,race.netkeiba.com,/race/result.html,200,0.47,1,
2026-08-31 16:07:13,fetch_races.py,db.netkeiba.com,/horse/result/2024101781/,200,0.43,1,
2026-08-31 16:07:13,fetch_races.py,race.netkeiba.com,/race/result.html,200,0.59,1,
2026-08-31 16:07:22,fetch_races.py,db.netkeiba.com,/horse/result/2024104585/,200,0.29,1,
2026-08-31 16:07:29,fetch_races.py,db.netkeiba.com,/horse/result/2024106970/,200,0.32,1,
2026-08-31 16:07:37,fetch_races.py,db.netkeiba.com,/horse/result/2024106928/,200,0.29,1,
2026-08-31 16:07:42,fetch_races.py,db.netkeiba.com,/horse/result/2024106927/,200,0.31,1,
2026-08-31 16:07:48,fetch_races.py,db.netkeiba.com,/horse/result/2024106181/,200,0.35,1,
2026-08-31 16:07:49,fetch_races.py,race.netkeiba.com,/race/result.html,200,0.6,1,
2026-08-31 16:07:57,fetch_races.py,db.netkeiba.com,/horse/result/2024105493/,200,0.29,1,
2026-08-31 16:08:04,fetch_races.py,db.netkeiba.com,/horse/result/2024106354/,200,0.28,1,
2026-08-31 16:08:10,fetch_races.py,db.netkeiba.com,/horse/result/2024101927/,200,0.32,1,
2026-08-31 16:08:17,fetch_races.py,db.netkeiba.com,/horse/result/2024101734/,200,0.32,1,
2026-08-31 16:08:24,fetch_races.py,db.netkeiba.com,/horse/result/2024102338/,200,0.32,1,
2026-08-31 16:08:30,fetch_races.py,db.netkeiba.com,/horse/result/2024106395/,200,0.31,1,
2026-08-31 16:08:36,fetch_races.py,db.netkeiba.com,/horse/result/2024100037/,200,0.32,1,
2026-08-31 16:08:36,fetch_races.py,race.netkeiba.com,/race/result.html,200,0.44,1,
2026-08-31 16:08:38,fetch_races.py,race.netkeiba.com,/race/result.html,200,0.47,1,
2026-08-31 16:08:46,fetch_races.py,db.netkeiba.com,/horse/result/2024100731/,200,0.34,1,
2026-08-31 16:08:47,fetch_races.py,race.netkeiba.com,/race/result.html,200,0.41,1,
2026-08-31 16:08:55,fetch_races.py,db.netkeiba.com,/horse/result/2024106605/,200,0.31,1,
2026-08-31 16:08:55,fetch_races.py,race.netkeiba.com,/race/result.html,200,0.35,1,
2026-08-31 16:09:04,fetch_races.py,db.netkeiba.com,/horse/result/2024103472/,200,0.33,1,
2026-08-31 16:09:04,fetch_races.py,race.netkeiba.com,/race/result.html,200,0.35,1,
2026-08-31 16:09:07,fetch_races.py,race.netkeiba.com,/race/result.html,200,0.44,1,
2026-08-31 16:09:14,fetch_races.py,db.netkeiba.com,/horse/result/2024103456/,200,0.3,1,
2026-08-31 16:09:15,fetch_races.py,race.netkeiba.com,/race/result.html,200,0.48,1,
2026-08-31 16:09:24,fetch_races.py,db.netkeiba.com,/horse/result/2024100046/,200,0.34,1,
2026-08-31 16:09:30,fetch_races.py,db.netkeiba.com,/horse/result/2024101771/,200,0.28,1,
2026-08-31 16:09:36,fetch_races.py,db.netkeiba.com,/horse/result/2024106186/,200,0.32,1,
2026-08-31 16:09:43,fetch_races.py,db.netkeiba.com,/horse/result/2024102310/,200,0.32,1,
2026-08-31 16:09:50,fetch_races.py,db.netkeiba.com,/horse/result/2024104340/,200,0.31,1,
2026-08-31 16:09:56,fetch_races.py,db.netkeiba.com,/horse/result/2024105812/,200,0.31,1,
2026-08-31 16:10:01,fetch_races.py,db.netkeiba.com,/horse/result/2024105835/,200,0.31,1,
2026-08-31 16:10:07,fetch_races.py,db.netkeiba.com,/horse/result/2024103457/,200,0.27,1,
2026-08-31 16:10:13,fetch_races.py,db.netkeiba.com,/horse/result/2024104451/,200,0.31,1,
2026-08-31 16:10:19,fetch_races.py,db.netkeiba.com,/horse/result/2024103466/,200,0.32,1,
2026-08-31 16:10:26,fetch_races.py,db.netkeiba.com,/horse/result/2024105116/,200,0.34,1,
2026-08-31 16:10:33,fetch_races.py,db.netkeiba.com,/horse/result/2024107196/,200,0.31,1,
2026-08-31 16:10:39,fetch_races.py,db.netkeiba.com,/horse/result/2024102356/,200,0.32,1,
2026-08-31 16:10:45,fetch_races.py,db.netkeiba.com,/horse/result/2024105856/,200,0.29,1,
2026-08-31 16:10:51,fetch_races.py,db.netkeiba.com,/horse/result/2024100031/,200,0.32,1,
2026-08-31 16:10:58,fetch_races.py,db.netkeiba.com,/horse/result/2024106565/,200,0.34,1,
2026-08-31 16:11:05,fetch_races.py,db.netkeiba.com,/horse/result/2024100444/,200,0.32,1,
2026-08-31 16:11:11,fetch_races.py,db.netkeiba.com,/horse/result/2024104348/,200,0.31,1,
2026-08-31 16:11:19,fetch_races.py,db.netkeiba.com,/horse/result/2024103441/,200,0.3,1,
2026-08-31 16:11:26,fetch_races.py,db.netkeiba.com,/horse/result/2024107155/,200,0.29,1,
2026-08-31 16:11:31,fetch_races.py,db.netkeiba.com,/horse/result/2024105911/,200,0.3,1,
2026-08-31 16:11:31,fetch_races.py,race.netkeiba.com,/race/result.html,200,0.51,1,
2026-08-31 16:11:34,fetch_races.py,race.netkeiba.com,/race/result.html,200,0.5,1,
2026-08-31 16:11:36,fetch_races.py,race.netkeiba.com,/race/result.html,200,0.49,1,
2026-08-31 16:11:45,fetch_races.py,db.netkeiba.com,/horse/result/2024105108/,200,0.32,1,
2026-08-31 16:11:52,fetch_races.py,db.netkeiba.com,/horse/result/2024104953/,200,0.32,1,
2026-08-31 16:11:53,fetch_races.py,race.netkeiba.com,/race/result.html,200,0.48,1,
2026-08-31 16:12:01,fetch_races.py,db.netkeiba.com,/horse/result/2024106192/,200,0.42,1,
2026-08-31 16:12:02,fetch_races.py,race.netkeiba.com,/race/result.html,200,0.47,1,
2026-08-31 16:12:11,fetch_races.py,db.netkeiba.com,/horse/result/2024105431/,200,0.37,1,
2026-08-31 16:12:12,fetch_races.py,race.netkeiba.com,/race/result.html,200,0.61,1,
2026-08-31 16:12:20,fetch_races.py,db.netkeiba.com,/horse/result/2024100022/,200,0.28,1,
2026-08-31 16:12:28,fetch_races.py,db.netkeiba.com,/horse/result/2024100424/,200,0.29,1,
2026-08-31 16:12:33,fetch_races.py,db.netkeiba.com,/horse/result/2024105878/,200,0.32,1,
2026-08-31 16:12:40,fetch_races.py,db.netkeiba.com,/horse/result/2024101308/,200,0.33,1,
2026-08-31 16:12:47,fetch_races.py,db.netkeiba.com,/horse/result/2024103470/,200,0.32,1,
2026-08-31 16:12:54,fetch_races.py,db.netkeiba.com,/horse/result/2024106663/,200,0.34,1,
2026-08-31 16:13:01,fetch_races.py,db.netkeiba.com,/horse/result/2024101991/,200,0.28,1,
2026-08-31 16:13:07,fetch_races.py,db.netkeiba.com,/horse/result/2024105964/,200,0.32,1,
2026-08-31 16:13:14,fetch_races.py,db.netkeiba.com,/horse/result/2024106558/,200,0.38,1,
2026-08-31 16:13:15,fetch_races.py,race.netkeiba.com,/race/result.html,200,0.82,1,
2026-08-31 16:13:22,fetch_races.py,db.netkeiba.com,/horse/result/2024102521/,200,0.31,1,
2026-08-31 16:13:28,fetch_races.py,db.netkeiba.com,/horse/result/2024100992/,200,0.27,1,
2026-08-31 16:13:35,fetch_races.py,db.netkeiba.com,/horse/result/2024101690/,200,0.31,1,
2026-08-31 16:13:35,fetch_races.py,race.netkeiba.com,/race/result.html,200,0.86,1,
2026-08-31 16:13:44,fetch_races.py,db.netkeiba.com,/horse/result/2024100017/,200,0.36,1,
2026-08-31 16:13:44,fetch_races.py,race.netkeiba.com,/race/result.html,200,0.34,1,
2026-08-31 16:13:53,fetch_races.py,db.netkeiba.com,/horse/result/2024101975/,200,0.29,1,
2026-08-31 16:13:59,fetch_races.py,db.netkeiba.com,/horse/result/2024103476/,200,0.31,1,
2026-08-31 16:14:06,fetch_races.py,db.netkeiba.com,/horse/result/2024101203/,200,0.42,1,
2026-08-31 16:14:06,fetch_races.py,race.netkeiba.com,/race/result.html,200,0.47,1,
2026-08-31 16:14:15,fetch_races.py,db.netkeiba.com,/horse/result/2024106615/,200,0.27,1,
2026-08-31 16:14:20,fetch_races.py,db.netkeiba.com,/horse/result/2024103447/,200,0.28,1,
2026-08-31 16:14:27,fetch_races.py,db.netkeiba.com,/horse/result/2024104576/,200,0.33,1,
2026-08-31 16:14:27,fetch_races.py,race.netkeiba.com,/race/result.html,200,0.43,1,
2026-08-31 16:14:30,fetch_races.py,race.netkeiba.com,/race/result.html,200,0.61,1,
2026-08-31 16:14:39,fetch_races.py,db.netkeiba.com,/horse/result/2024103463/,200,0.32,1,
2026-08-31 16:14:46,fetch_races.py,db.netkeiba.com,/horse/result/2024106874/,200,0.32,1,
2026-08-31 16:14:52,fetch_races.py,db.netkeiba.com,/horse/result/2024104321/,200,0.27,1,
2026-08-31 16:14:59,fetch_races.py,db.netkeiba.com,/horse/result/2024102231/,200,0.37,1,
2026-08-31 16:15:06,fetch_races.py,db.netkeiba.com,/horse/result/2024105869/,200,0.27,1,
2026-08-31 16:15:11,fetch_races.py,db.netkeiba.com,/horse/result/2024102271/,200,0.29,1,
2026-08-31 16:15:17,fetch_races.py,db.netkeiba.com,/horse/result/2024106453/,200,0.28,1,
2026-08-31 16:15:24,fetch_races.py,db.netkeiba.com,/horse/result/2024105118/,200,0.3,1,
2026-08-31 16:15:31,fetch_races.py,db.netkeiba.com,/horse/result/2024105153/,200,0.35,1,
2026-08-31 16:15:32,fetch_races.py,race.netkeiba.com,/race/result.html,200,0.55,1,
2026-08-31 16:15:40,fetch_races.py,db.netkeiba.com,/horse/result/2024102941/,200,0.3,1,
2026-08-31 16:15:46,fetch_races.py,db.netkeiba.com,/horse/result/2024106219/,200,0.35,1,
2026-08-31 16:15:47,fetch_races.py,race.netkeiba.com,/race/result.html,200,0.37,1,
2026-08-31 16:15:55,fetch_races.py,db.netkeiba.com,/horse/result/2024106649/,200,0.4,1,
2026-08-31 16:15:55,fetch_races.py,race.netkeiba.com,/race/result.html,200,0.57,1,
2026-08-31 16:16:04,fetch_races.py,db.netkeiba.com,/horse/result/2024101078/,200,0.34,1,
2026-08-31 16:16:10,fetch_races.py,db.netkeiba.com,/horse/result/2024105979/,200,0.32,1,
2026-08-31 16:16:16,fetch_races.py,db.netkeiba.com,/horse/result/2024105292/,200,0.34,1,
2026-08-31 16:16:22,fetch_races.py,db.netkeiba.com,/horse/result/2024107306/,200,0.33,1,
2026-08-31 16:16:29,fetch_races.py,db.netkeiba.com,/horse/result/2024103474/,200,0.33,1,
2026-08-31 16:16:36,fetch_races.py,db.netkeiba.com,/horse/result/2024105776/,200,0.31,1,
2026-08-31 16:16:42,fetch_races.py,db.netkeiba.com,/horse/result/2024100172/,200,0.27,1,
2026-08-31 16:16:49,fetch_races.py,db.netkeiba.com,/horse/result/2024109090/,200,0.31,1,
2026-08-31 16:16:56,fetch_races.py,db.netkeiba.com,/horse/result/2024101865/,200,0.3,1,
2026-08-31 16:17:04,fetch_races.py,db.netkeiba.com,/horse/result/2024106170/,200,0.35,1,
2026-08-31 16:17:09,fetch_races.py,db.netkeiba.com,/horse/result/2024103334/,200,0.29,1,
2026-08-31 16:17:16,fetch_races.py,db.netkeiba.com,/horse/result/2024102884/,200,0.27,1,
2026-08-31 16:17:22,fetch_races.py,db.netkeiba.com,/horse/result/2024101150/,200,0.33,1,
2026-08-31 16:17:28,fetch_races.py,db.netkeiba.com,/horse/result/2024103486/,200,0.31,1,
2026-08-31 16:17:34,fetch_races.py,db.netkeiba.com,/horse/result/2024106057/,200,0.27,1,
2026-08-31 16:17:41,fetch_races.py,db.netkeiba.com,/horse/result/2024106308/,200,0.27,1,
2026-08-31 16:17:48,fetch_races.py,db.netkeiba.com,/horse/result/2024106242/,200,0.28,1,
2026-08-31 16:17:55,fetch_races.py,db.netkeiba.com,/horse/result/2024103485/,200,0.28,1,
2026-08-31 16:18:01,fetch_races.py,db.netkeiba.com,/horse/result/2024107219/,200,0.32,1,
2026-08-31 16:18:06,fetch_races.py,db.netkeiba.com,/horse/result/2024106547/,200,0.3,1,
2026-08-31 16:18:14,fetch_races.py,db.netkeiba.com,/horse/result/2024106633/,200,0.31,1,
2026-08-31 16:18:20,fetch_races.py,db.netkeiba.com,/horse/result/2024102312/,200,0.32,1,
2026-08-31 16:18:27,fetch_races.py,db.netkeiba.com,/horse/result/2024100732/,200,0.35,1,
2026-08-31 16:18:28,fetch_races.py,race.netkeiba.com,/race/result.html,200,0.49,1,
2026-08-31 16:18:30,fetch_races.py,race.netkeiba.com,/race/result.html,200,0.51,1,
2026-08-31 16:18:39,fetch_races.py,db.netkeiba.com,/horse/result/2024101981/,200,0.33,1,
2026-08-31 16:18:44,fetch_races.py,db.netkeiba.com,/horse/result/2024105897/,200,0.32,1,
2026-08-31 16:18:51,fetch_races.py,db.netkeiba.com,/horse/result/2024105385/,200,0.28,1,
2026-08-31 16:18:58,fetch_races.py,db.netkeiba.com,/horse/result/2024106441/,200,0.33,1,
2026-08-31 16:19:04,fetch_races.py,db.netkeiba.com,/horse/result/2024105156/,200,0.33,1,
2026-08-31 16:19:11,fetch_races.py,db.netkeiba.com,/horse/result/2024105931/,200,0.36,1,
2026-08-31 16:19:16,fetch_races.py,db.netkeiba.com,/horse/result/2024103445/,200,0.27,1,
2026-08-31 16:19:23,fetch_races.py,db.netkeiba.com,/horse/result/2024101934/,200,0.31,1,
2026-08-31 16:19:28,fetch_races.py,db.netkeiba.com,/horse/result/2024104867/,200,0.28,1,
2026-08-31 16:19:35,fetch_races.py,db.netkeiba.com,/horse/result/2024106334/,200,0.35,1,
2026-08-31 16:19:40,fetch_races.py,db.netkeiba.com,/horse/result/2024102885/,200,0.36,1,
2026-08-31 16:19:41,fetch_races.py,race.netkeiba.com,/race/result.html,200,0.53,1,
2026-08-31 16:19:43,fetch_races.py,race.netkeiba.com,/race/result.html,200,0.57,1,
2026-08-31 16:19:52,fetch_races.py,db.netkeiba.com,/horse/result/2024104231/,200,0.35,1,
2026-08-31 16:19:59,fetch_races.py,db.netkeiba.com,/horse/result/2024103011/,200,0.33,1,
2026-08-31 16:20:06,fetch_races.py,db.netkeiba.com,/horse/result/2024106036/,200,0.31,1,
2026-08-31 16:20:11,fetch_races.py,db.netkeiba.com,/horse/result/2024105273/,200,0.32,1,
2026-08-31 16:20:19,fetch_races.py,db.netkeiba.com,/horse/result/2024106926/,200,0.28,1,
2026-08-31 16:20:24,fetch_races.py,db.netkeiba.com,/horse/result/2024104299/,200,0.28,1,
2026-08-31 16:20:29,fetch_races.py,db.netkeiba.com,/horse/result/2024100726/,200,0.32,1,
2026-08-31 16:20:30,fetch_races.py,race.netkeiba.com,/race/result.html,200,0.64,1,
2026-08-31 16:20:38,fetch_races.py,db.netkeiba.com,/horse/result/2024101967/,200,0.28,1,
2026-08-31 16:20:45,fetch_races.py,db.netkeiba.com,/horse/result/2024104452/,200,0.29,1,
2026-08-31 16:20:51,fetch_races.py,db.netkeiba.com,/horse/result/2024103454/,200,0.32,1,
2026-08-31 16:20:57,fetch_races.py,db.netkeiba.com,/horse/result/2024100763/,200,0.31,1,
2026-08-31 16:21:04,fetch_races.py,db.netkeiba.com,/horse/result/2024105755/,200,0.4,1,
2026-08-31 16:21:05,fetch_races.py,race.netkeiba.com,/race/result.html,200,0.63,1,
2026-08-31 16:21:14,fetch_races.py,db.netkeiba.com,/horse/result/2024102217/,200,0.3,1,
2026-08-31 16:21:20,fetch_races.py,db.netkeiba.com,/horse/result/2024105381/,200,0.32,1,
2026-08-31 16:21:25,fetch_races.py,db.netkeiba.com,/horse/result/2024100111/,200,0.28,1,
2026-08-31 16:21:31,fetch_races.py,db.netkeiba.com,/horse/result/2024103902/,200,0.29,1,
2026-08-31 16:21:37,fetch_races.py,db.netkeiba.com,/horse/result/2024105824/,200,0.31,1,
2026-08-31 16:21:44,fetch_races.py,db.netkeiba.com,/horse/result/2024107175/,200,0.27,1,
2026-08-31 16:21:51,fetch_races.py,db.netkeiba.com,/horse/result/2024101400/,200,0.28,1,
2026-08-31 16:21:58,fetch_races.py,db.netkeiba.com,/horse/result/2024103469/,200,0.28,1,
2026-08-31 16:22:04,fetch_races.py,db.netkeiba.com,/horse/result/2024106355/,200,0.35,1,
2026-08-31 16:22:05,fetch_races.py,race.netkeiba.com,/race/result.html,200,0.47,1,
2026-08-31 16:22:14,fetch_races.py,db.netkeiba.com,/horse/result/2024103244/,200,0.29,1,
2026-08-31 16:22:21,fetch_races.py,db.netkeiba.com,/horse/result/2024107236/,200,0.28,1,
2026-08-31 16:22:28,fetch_races.py,db.netkeiba.com,/horse/result/2024103490/,200,0.36,1,
2026-08-31 16:22:29,fetch_races.py,race.netkeiba.com,/race/result.html,200,0.32,1,
2026-08-31 16:22:31,fetch_races.py,race.netkeiba.com,/race/result.html,200,0.36,1,
2026-08-31 16:22:39,fetch_races.py,db.netkeiba.com,/horse/result/2024105256/,200,0.33,1,
2026-08-31 16:22:44,fetch_races.py,db.netkeiba.com,/horse/result/2024106172/,200,0.32,1,
2026-08-31 16:22:50,fetch_races.py,db.netkeiba.com,/horse/result/2024106212/,200,0.27,1,
2026-08-31 16:22:57,fetch_races.py,db.netkeiba.com,/horse/result/2024101228/,200,0.31,1,
2026-08-31 16:23:03,fetch_races.py,db.netkeiba.com,/horse/result/2024104574/,200,0.28,1,
2026-08-31 16:23:09,fetch_races.py,db.netkeiba.com,/horse/result/2024102218/,200,0.31,1,
2026-08-31 16:23:15,fetch_races.py,db.netkeiba.com,/horse/result/2024103444/,200,0.3,1,
2026-08-31 16:23:22,fetch_races.py,db.netkeiba.com,/horse/result/2024102476/,200,0.29,1,
2026-08-31 16:23:30,fetch_races.py,db.netkeiba.com,/horse/result/2024102481/,200,0.32,1,
2026-08-31 16:23:37,fetch_races.py,db.netkeiba.com,/horse/result/2024100457/,200,0.32,1,
2026-08-31 16:23:44,fetch_prize.py,race.netkeiba.com,/race/result.html,200,0.6,1,
2026-08-31 16:23:47,fetch_prize.py,race.netkeiba.com,/race/result.html,200,0.52,1,
2026-08-31 16:23:50,fetch_prize.py,race.netkeiba.com,/race/result.html,200,0.61,1,
2026-08-31 16:23:52,fetch_prize.py,race.netkeiba.com,/race/result.html,200,0.49,1,
2026-08-31 16:24:45,fetch_detail.py,db.netkeiba.com,/horse/2023106963/,200,0.34,1,
2026-08-31 16:25:33,fetch_races.py,db.netkeiba.com,/horse/result/2023106068/,200,0.4,1,
2026-08-31 16:25:40,fetch_races.py,db.netkeiba.com,/horse/result/2023104857/,200,0.38,1,
2026-08-31 16:25:47,fetch_races.py,db.netkeiba.com,/horse/result/2023105014/,200,0.39,1,
2026-08-31 16:25:53,fetch_races.py,db.netkeiba.com,/horse/result/2023103348/,200,0.39,1,
2026-08-31 16:26:01,fetch_races.py,db.netkeiba.com,/horse/result/2023101050/,200,0.35,1,
2026-08-31 16:26:07,fetch_races.py,db.netkeiba.com,/horse/result/2023107094/,200,0.36,1,
2026-08-31 16:26:14,fetch_races.py,db.netkeiba.com,/horse/result/2023106084/,200,0.37,1,
2026-08-31 16:26:21,fetch_races.py,db.netkeiba.com,/horse/result/2023105286/,200,0.41,1,
2026-08-31 16:26:27,fetch_races.py,db.netkeiba.com,/horse/result/2023107068/,200,0.44,1,
2026-08-31 16:26:32,fetch_races.py,db.netkeiba.com,/horse/result/2023105789/,200,0.43,1,
2026-08-31 16:26:38,fetch_races.py,db.netkeiba.com,/horse/result/2023104690/,200,0.35,1,
2026-08-31 16:26:45,fetch_races.py,db.netkeiba.com,/horse/result/2023106148/,200,0.35,1,
2026-08-31 16:26:52,fetch_races.py,db.netkeiba.com,/horse/result/2023104374/,200,0.4,1,
2026-08-31 16:26:59,fetch_races.py,db.netkeiba.com,/horse/result/2023102808/,200,0.37,1,
2026-08-31 16:27:06,fetch_races.py,db.netkeiba.com,/horse/result/2023100718/,200,0.34,1,
2026-08-31 16:27:12,fetch_races.py,db.netkeiba.com,/horse/result/2023103075/,200,0.38,1,
2026-08-31 16:27:19,fetch_races.py,db.netkeiba.com,/horse/result/2023102088/,200,0.33,1,
2026-08-31 16:27:25,fetch_races.py,db.netkeiba.com,/horse/result/2023104405/,200,0.34,1,
2026-08-31 16:27:30,fetch_races.py,db.netkeiba.com,/horse/result/2023100107/,200,0.38,1,
2026-08-31 16:27:36,fetch_races.py,db.netkeiba.com,/horse/result/2023105793/,200,0.32,1,
2026-08-31 16:27:43,fetch_races.py,db.netkeiba.com,/horse/result/2024100037/,200,0.37,1,
2026-08-31 16:27:49,fetch_races.py,db.netkeiba.com,/horse/result/2024100731/,200,0.36,1,
2026-08-31 16:27:54,fetch_races.py,db.netkeiba.com,/horse/result/2024100017/,200,0.41,1,
2026-08-31 16:28:01,fetch_races.py,db.netkeiba.com,/horse/result/2024104576/,200,0.31,1,
2026-08-31 16:28:08,fetch_races.py,db.netkeiba.com,/horse/result/2024103490/,200,0.31,1,
2026-08-31 16:28:48,build_registry.py,www.jbis.or.jp,/horse/0001237042/sire/progeny/,200,3.48,1,
2026-08-31 16:28:52,build_registry.py,www.jbis.or.jp,/horse/0001237042/sire/progeny/,200,2.38,1,
2026-08-31 16:28:56,build_registry.py,www.jbis.or.jp,/horse/0001237042/sire/progeny/,200,3.73,1,
2026-08-31 16:28:59,build_registry.py,www.jbis.or.jp,/horse/0001237042/sire/progeny/,200,1.29,1,
2026-08-31 16:29:00,fetch_studbook.py,www.studbook.jp,/users/ja/SearchBameiList,200,0.51,1,
2026-08-31 16:29:00,fetch_nk_id.py,db.netkeiba.com,/horse/list.html,200,0.54,1,
2026-08-31 16:29:00,fetch_studbook.py,www.studbook.jp,/users/ja/SearchChichiKettouList2,200,0.5,1,
2026-08-31 16:29:02,fetch_studbook.py,www.studbook.jp,/users/ja/SearchChichiKettouList2,200,0.44,1,
2026-08-31 16:29:03,fetch_studbook.py,www.studbook.jp,/users/ja/SearchChichiKettouList2,200,0.24,1,
2026-08-31 16:29:04,fetch_studbook.py,www.studbook.jp,/users/ja/Honba,200,0.11,1,
2026-08-31 16:29:05,fetch_studbook.py,www.studbook.jp,/users/ja/SearchChichiKettouList2,200,0.35,1,
2026-08-31 16:29:06,fetch_nk_id.py,db.netkeiba.com,/horse/list.html,200,0.5,1,
2026-08-31 16:29:07,fetch_studbook.py,www.studbook.jp,/users/ja/SearchChichiKettouList2,200,0.34,1,
2026-08-31 16:29:08,fetch_studbook.py,www.studbook.jp,/users/ja/SearchChichiKettouList2,200,0.29,1,
2026-08-31 16:29:13,fetch_nk_id.py,db.netkeiba.com,/horse/list.html,200,0.52,1,
2026-08-31 16:29:20,fetch_nk_id.py,db.netkeiba.com,/horse/list.html,200,0.51,1,
2026-08-31 16:29:40,fetch_detail.py,db.netkeiba.com,/horse/2023106068/,200,0.4,1,
2026-08-31 16:29:47,fetch_detail.py,db.netkeiba.com,/horse/2023103676/,200,0.33,1,
2026-08-31 16:29:53,fetch_detail.py,db.netkeiba.com,/horse/2023105237/,200,0.41,1,
2026-08-31 16:29:59,fetch_detail.py,db.netkeiba.com,/horse/2023100472/,200,0.33,1,
2026-08-31 16:30:04,fetch_detail.py,db.netkeiba.com,/horse/2023104056/,200,0.49,1,
2026-08-31 16:30:10,fetch_detail.py,db.netkeiba.com,/horse/2023104857/,200,0.35,1,
2026-08-31 16:30:17,fetch_detail.py,db.netkeiba.com,/horse/2023104926/,200,0.43,1,
2026-08-31 16:30:25,fetch_detail.py,db.netkeiba.com,/horse/2023106187/,200,0.35,1,
2026-08-31 16:30:32,fetch_detail.py,db.netkeiba.com,/horse/2023105014/,200,0.34,1,
2026-08-31 16:30:38,fetch_detail.py,db.netkeiba.com,/horse/2023106902/,200,0.4,1,
2026-08-31 16:30:44,fetch_detail.py,db.netkeiba.com,/horse/2023103417/,200,0.32,1,
2026-08-31 16:30:50,fetch_detail.py,db.netkeiba.com,/horse/2023107359/,200,0.34,1,
2026-08-31 16:30:56,fetch_detail.py,db.netkeiba.com,/horse/2023100918/,200,0.44,1,
2026-08-31 16:31:03,fetch_detail.py,db.netkeiba.com,/horse/2023103081/,200,0.4,1,
2026-08-31 16:31:09,fetch_detail.py,db.netkeiba.com,/horse/2023106893/,200,0.46,1,
2026-08-31 16:31:16,fetch_detail.py,db.netkeiba.com,/horse/2023103199/,200,0.45,1,
2026-08-31 16:31:21,fetch_detail.py,db.netkeiba.com,/horse/2023106843/,200,0.32,1,
2026-08-31 16:31:28,fetch_detail.py,db.netkeiba.com,/horse/2023106910/,200,0.38,1,
2026-08-31 16:31:34,fetch_detail.py,db.netkeiba.com,/horse/2023105385/,200,0.33,1,
2026-08-31 16:31:40,fetch_detail.py,db.netkeiba.com,/horse/2023107403/,200,0.38,1,
2026-08-31 16:31:47,fetch_detail.py,db.netkeiba.com,/horse/2023103287/,200,0.39,1,
2026-08-31 16:31:54,fetch_detail.py,db.netkeiba.com,/horse/2023103370/,200,0.35,1,
2026-08-31 16:32:01,fetch_detail.py,db.netkeiba.com,/horse/2023103555/,200,0.32,1,
2026-08-31 16:32:08,fetch_detail.py,db.netkeiba.com,/horse/2023107048/,200,0.42,1,
2026-08-31 16:32:15,fetch_detail.py,db.netkeiba.com,/horse/2023103348/,200,0.44,1,
2026-08-31 16:32:22,fetch_detail.py,db.netkeiba.com,/horse/2023105404/,200,0.33,1,
2026-08-31 16:32:28,fetch_detail.py,db.netkeiba.com,/horse/2023104378/,200,0.34,1,
2026-08-31 16:32:35,fetch_detail.py,db.netkeiba.com,/horse/2023101050/,200,0.32,1,
2026-08-31 16:32:42,fetch_detail.py,db.netkeiba.com,/horse/2023105370/,200,0.43,1,
2026-08-31 16:32:48,fetch_detail.py,db.netkeiba.com,/horse/2023105004/,200,0.36,1,
2026-08-31 16:32:54,fetch_detail.py,db.netkeiba.com,/horse/2023104396/,200,0.35,1,
2026-08-31 16:33:01,fetch_detail.py,db.netkeiba.com,/horse/2023105064/,200,0.35,1,
2026-08-31 16:33:07,fetch_detail.py,db.netkeiba.com,/horse/2023105041/,200,0.37,1,
2026-08-31 16:33:13,fetch_detail.py,db.netkeiba.com,/horse/2023107094/,200,0.36,1,
2026-08-31 16:33:20,fetch_detail.py,db.netkeiba.com,/horse/2023105352/,200,0.35,1,
2026-08-31 16:33:27,fetch_detail.py,db.netkeiba.com,/horse/2023106084/,200,0.32,1,
2026-08-31 16:33:33,fetch_detail.py,db.netkeiba.com,/horse/2023107283/,200,0.34,1,
2026-08-31 16:33:39,fetch_detail.py,db.netkeiba.com,/horse/2023104063/,200,0.37,1,
2026-08-31 16:33:45,fetch_detail.py,db.netkeiba.com,/horse/2023106963/,200,0.36,1,
2026-08-31 16:33:52,fetch_detail.py,db.netkeiba.com,/horse/2023105378/,200,0.4,1,
2026-08-31 16:33:57,fetch_detail.py,db.netkeiba.com,/horse/2023105286/,200,0.33,1,
2026-08-31 16:34:02,fetch_detail.py,db.netkeiba.com,/horse/2023103170/,200,0.35,1,
2026-08-31 16:34:09,fetch_detail.py,db.netkeiba.com,/horse/2023107068/,200,0.32,1,
2026-08-31 16:34:16,fetch_detail.py,db.netkeiba.com,/horse/2023105643/,200,0.4,1,
2026-08-31 16:34:24,fetch_detail.py,db.netkeiba.com,/horse/2023105801/,200,0.43,1,
2026-08-31 16:34:30,fetch_detail.py,db.netkeiba.com,/horse/2023100177/,200,0.38,1,
2026-08-31 16:34:36,fetch_detail.py,db.netkeiba.com,/horse/2023105372/,200,0.34,1,
2026-08-31 16:34:43,fetch_detail.py,db.netkeiba.com,/horse/2023107114/,200,0.45,1,
2026-08-31 16:34:48,fetch_detail.py,db.netkeiba.com,/horse/2023103437/,200,0.46,1,
2026-08-31 16:34:54,fetch_detail.py,db.netkeiba.com,/horse/2023100603/,200,0.44,1,
2026-08-31 16:35:00,fetch_detail.py,db.netkeiba.com,/horse/2023103461/,200,0.36,1,
2026-08-31 16:35:06,fetch_detail.py,db.netkeiba.com,/horse/2023105358/,200,0.37,1,
2026-08-31 16:35:13,fetch_detail.py,db.netkeiba.com,/horse/2023105375/,200,0.36,1,
2026-08-31 16:35:20,fetch_detail.py,db.netkeiba.com,/horse/2023104885/,200,0.39,1,
2026-08-31 16:35:26,fetch_detail.py,db.netkeiba.com,/horse/2023103757/,200,0.42,1,
2026-08-31 16:35:32,fetch_detail.py,db.netkeiba.com,/horse/2023105300/,200,0.37,1,
2026-08-31 16:35:38,fetch_detail.py,db.netkeiba.com,/horse/2023100938/,200,0.35,1,
2026-08-31 16:35:45,fetch_detail.py,db.netkeiba.com,/horse/2023107229/,200,0.35,1,
2026-08-31 16:35:50,fetch_detail.py,db.netkeiba.com,/horse/2023104406/,200,0.35,1,
2026-08-31 16:35:55,fetch_detail.py,db.netkeiba.com,/horse/2023103462/,200,0.37,1,
2026-08-31 16:36:02,fetch_detail.py,db.netkeiba.com,/horse/2023103695/,200,0.43,1,
2026-08-31 16:36:07,fetch_detail.py,db.netkeiba.com,/horse/2023103457/,200,0.34,1,
2026-08-31 16:36:13,fetch_detail.py,db.netkeiba.com,/horse/2023104399/,200,0.44,1,
2026-08-31 16:36:19,fetch_detail.py,db.netkeiba.com,/horse/2023100913/,200,0.4,1,
2026-08-31 16:36:26,fetch_detail.py,db.netkeiba.com,/horse/2023105335/,200,0.35,1,
2026-08-31 16:36:33,fetch_detail.py,db.netkeiba.com,/horse/2023104387/,200,0.38,1,
2026-08-31 16:36:38,fetch_detail.py,db.netkeiba.com,/horse/2023100627/,200,0.39,1,
2026-08-31 16:36:45,fetch_detail.py,db.netkeiba.com,/horse/2023104418/,200,0.43,1,
2026-08-31 16:36:50,fetch_detail.py,db.netkeiba.com,/horse/2023105296/,200,0.32,1,
2026-08-31 16:36:56,fetch_detail.py,db.netkeiba.com,/horse/2023105789/,200,0.39,1,
2026-08-31 16:37:03,fetch_detail.py,db.netkeiba.com,/horse/2023105383/,200,0.38,1,
2026-08-31 16:37:08,fetch_detail.py,db.netkeiba.com,/horse/2023104690/,200,0.33,1,
2026-08-31 16:37:16,fetch_detail.py,db.netkeiba.com,/horse/2023102916/,200,0.44,1,
2026-08-31 16:37:22,fetch_detail.py,db.netkeiba.com,/horse/2023106716/,200,0.34,1,
2026-08-31 16:37:29,fetch_detail.py,db.netkeiba.com,/horse/2023107278/,200,0.36,1,
2026-08-31 16:37:37,fetch_detail.py,db.netkeiba.com,/horse/2023107238/,200,0.36,1,
2026-08-31 16:37:43,fetch_detail.py,db.netkeiba.com,/horse/2023102906/,200,0.32,1,
2026-08-31 16:37:50,fetch_detail.py,db.netkeiba.com,/horse/2023107004/,200,0.31,1,
2026-08-31 16:37:57,fetch_detail.py,db.netkeiba.com,/horse/2023106188/,200,0.34,1,
2026-08-31 16:38:03,fetch_detail.py,db.netkeiba.com,/horse/2023106148/,200,0.32,1,
2026-08-31 16:38:11,fetch_detail.py,db.netkeiba.com,/horse/2023100069/,200,0.39,1,
2026-08-31 16:38:17,fetch_detail.py,db.netkeiba.com,/horse/2023104552/,200,0.36,1,
2026-08-31 16:38:22,fetch_detail.py,db.netkeiba.com,/horse/2023104374/,200,0.37,1,
2026-08-31 16:38:28,fetch_detail.py,db.netkeiba.com,/horse/2023104380/,200,0.41,1,
2026-08-31 16:38:34,fetch_detail.py,db.netkeiba.com,/horse/2023106281/,200,0.34,1,
2026-08-31 16:38:40,fetch_detail.py,db.netkeiba.com,/horse/2023102808/,200,0.32,1,
2026-08-31 16:38:47,fetch_detail.py,db.netkeiba.com,/horse/2023104389/,200,0.33,1,
2026-08-31 16:38:53,fetch_detail.py,db.netkeiba.com,/horse/2023102172/,200,0.41,1,
2026-08-31 16:38:59,fetch_detail.py,db.netkeiba.com,/horse/2023105349/,200,0.34,1,
2026-08-31 16:39:06,fetch_detail.py,db.netkeiba.com,/horse/2023105593/,200,0.37,1,
2026-08-31 16:39:12,fetch_detail.py,db.netkeiba.com,/horse/2023107248/,200,0.33,1,
2026-08-31 16:39:18,fetch_detail.py,db.netkeiba.com,/horse/2023105371/,200,0.41,1,
2026-08-31 16:39:24,fetch_detail.py,db.netkeiba.com,/horse/2023106285/,200,0.35,1,
2026-08-31 16:39:30,fetch_detail.py,db.netkeiba.com,/horse/2023103531/,200,0.33,1,
2026-08-31 16:39:37,fetch_detail.py,db.netkeiba.com,/horse/2023100497/,200,0.39,1,
2026-08-31 16:39:42,fetch_detail.py,db.netkeiba.com,/horse/2023100804/,200,0.36,1,
2026-08-31 16:39:50,fetch_detail.py,db.netkeiba.com,/horse/2023105898/,200,0.36,1,
2026-08-31 16:39:56,fetch_detail.py,db.netkeiba.com,/horse/2023101702/,200,0.37,1,
2026-08-31 16:40:04,fetch_detail.py,db.netkeiba.com,/horse/2023104402/,200,0.44,1,
2026-08-31 16:40:09,fetch_detail.py,db.netkeiba.com,/horse/2023100732/,200,0.37,1,
2026-08-31 16:40:16,fetch_detail.py,db.netkeiba.com,/horse/2023100718/,200,0.46,1,
2026-08-31 16:40:21,fetch_detail.py,db.netkeiba.com,/horse/2023103075/,200,0.41,1,
2026-08-31 16:40:28,fetch_detail.py,db.netkeiba.com,/horse/2023103372/,200,0.37,1,
2026-08-31 16:40:35,fetch_detail.py,db.netkeiba.com,/horse/2023102088/,200,0.34,1,
2026-08-31 16:40:40,fetch_detail.py,db.netkeiba.com,/horse/2023103580/,200,0.38,1,
2026-08-31 16:40:48,fetch_detail.py,db.netkeiba.com,/horse/2023104405/,200,0.37,1,
2026-08-31 16:40:55,fetch_detail.py,db.netkeiba.com,/horse/2023101575/,200,0.46,1,
2026-08-31 16:41:01,fetch_detail.py,db.netkeiba.com,/horse/2023107164/,200,0.33,1,
2026-08-31 16:41:08,fetch_detail.py,db.netkeiba.com,/horse/2023107039/,200,0.37,1,
2026-08-31 16:41:13,fetch_detail.py,db.netkeiba.com,/horse/2023105216/,200,0.33,1,
2026-08-31 16:41:19,fetch_detail.py,db.netkeiba.com,/horse/2023102954/,200,0.43,1,
2026-08-31 16:41:26,fetch_detail.py,db.netkeiba.com,/horse/2023106795/,200,0.36,1,
2026-08-31 16:41:32,fetch_detail.py,db.netkeiba.com,/horse/2023103427/,200,0.44,1,
2026-08-31 16:41:37,fetch_detail.py,db.netkeiba.com,/horse/2023107105/,200,0.36,1,
2026-08-31 16:41:45,fetch_detail.py,db.netkeiba.com,/horse/2023103386/,200,0.39,1,
2026-08-31 16:41:52,fetch_detail.py,db.netkeiba.com,/horse/2023107297/,200,0.37,1,
2026-08-31 16:41:59,fetch_detail.py,db.netkeiba.com,/horse/2023104401/,200,0.38,1,
2026-08-31 16:42:06,fetch_detail.py,db.netkeiba.com,/horse/2023100107/,200,0.43,1,
2026-08-31 16:42:12,fetch_detail.py,db.netkeiba.com,/horse/2023106615/,200,0.31,1,
2026-08-31 16:42:17,fetch_detail.py,db.netkeiba.com,/horse/2023107341/,200,0.44,1,
2026-08-31 16:42:24,fetch_detail.py,db.netkeiba.com,/horse/2023107227/,200,0.36,1,
2026-08-31 16:42:32,fetch_detail.py,db.netkeiba.com,/horse/2023106617/,200,0.42,1,
2026-08-31 16:42:38,fetch_detail.py,db.netkeiba.com,/horse/2023106625/,200,0.37,1,
2026-08-31 16:42:45,fetch_detail.py,db.netkeiba.com,/horse/2023104600/,200,0.46,1,
2026-08-31 16:42:52,fetch_detail.py,db.netkeiba.com,/horse/2023103516/,200,0.42,1,
2026-08-31 16:42:58,fetch_detail.py,db.netkeiba.com,/horse/2023105793/,200,0.33,1,
2026-08-31 16:43:06,fetch_detail.py,db.netkeiba.com,/horse/2023104327/,200,0.33,1,
2026-08-31 16:43:12,fetch_detail.py,db.netkeiba.com,/horse/2023100972/,200,0.32,1,
2026-08-31 16:43:19,fetch_detail.py,db.netkeiba.com,/horse/2023103402/,200,0.31,1,
2026-08-31 16:43:26,fetch_detail.py,db.netkeiba.com,/horse/2023103903/,200,0.33,1,
2026-08-31 16:43:33,fetch_detail.py,db.netkeiba.com,/horse/2024106121/,200,0.32,1,
2026-08-31 16:43:40,fetch_detail.py,db.netkeiba.com,/horse/2024100428/,200,0.43,1,
2026-08-31 16:43:46,fetch_detail.py,db.netkeiba.com,/horse/2024106601/,200,0.44,1,
2026-08-31 16:43:52,fetch_detail.py,db.netkeiba.com,/horse/2024106612/,200,0.37,1,
2026-08-31 16:44:00,fetch_detail.py,db.netkeiba.com,/horse/2024106508/,200,0.3,1,
2026-08-31 16:44:05,fetch_detail.py,db.netkeiba.com,/horse/2024101781/,200,0.42,1,
2026-08-31 16:44:11,fetch_detail.py,db.netkeiba.com,/horse/2024104585/,200,0.35,1,
2026-08-31 16:44:17,fetch_detail.py,db.netkeiba.com,/horse/2024106970/,200,0.57,1,
2026-08-31 16:44:24,fetch_detail.py,db.netkeiba.com,/horse/2024106928/,200,0.35,1,
2026-08-31 16:44:30,fetch_detail.py,db.netkeiba.com,/horse/2024106927/,200,0.43,1,
2026-08-31 16:44:36,fetch_detail.py,db.netkeiba.com,/horse/2024106181/,200,0.31,1,
2026-08-31 16:44:42,fetch_detail.py,db.netkeiba.com,/horse/2024105493/,200,0.42,1,
2026-08-31 16:44:48,fetch_detail.py,db.netkeiba.com,/horse/2024106354/,200,0.41,1,
2026-08-31 16:44:53,fetch_detail.py,db.netkeiba.com,/horse/2024101927/,200,0.41,1,
2026-08-31 16:44:59,fetch_detail.py,db.netkeiba.com,/horse/2024101734/,200,0.37,1,
2026-08-31 16:45:06,fetch_detail.py,db.netkeiba.com,/horse/2024102338/,200,0.44,1,
2026-08-31 16:45:13,fetch_detail.py,db.netkeiba.com,/horse/2024106395/,200,0.35,1,
2026-08-31 16:45:19,fetch_detail.py,db.netkeiba.com,/horse/2024100037/,200,0.32,1,
2026-08-31 16:45:26,fetch_detail.py,db.netkeiba.com,/horse/2024100731/,200,0.33,1,
2026-08-31 16:45:32,fetch_detail.py,db.netkeiba.com,/horse/2024106605/,200,0.38,1,
2026-08-31 16:45:37,fetch_detail.py,db.netkeiba.com,/horse/2024103472/,200,0.33,1,
2026-08-31 16:45:43,fetch_detail.py,db.netkeiba.com,/horse/2024103456/,200,0.41,1,
2026-08-31 16:45:50,fetch_detail.py,db.netkeiba.com,/horse/2024100046/,200,0.42,1,
2026-08-31 16:45:56,fetch_detail.py,db.netkeiba.com,/horse/2024101771/,200,0.32,1,
2026-08-31 16:46:04,fetch_detail.py,db.netkeiba.com,/horse/2024106186/,200,0.39,1,
2026-08-31 16:46:09,fetch_detail.py,db.netkeiba.com,/horse/2024102310/,200,0.43,1,
2026-08-31 16:46:16,fetch_detail.py,db.netkeiba.com,/horse/2024104340/,200,0.32,1,
2026-08-31 16:46:22,fetch_detail.py,db.netkeiba.com,/horse/2024105812/,200,0.43,1,
2026-08-31 16:46:29,fetch_detail.py,db.netkeiba.com,/horse/2024105835/,200,0.36,1,
2026-08-31 16:46:36,fetch_detail.py,db.netkeiba.com,/horse/2024103457/,200,0.41,1,
2026-08-31 16:46:42,fetch_detail.py,db.netkeiba.com,/horse/2024104451/,200,0.43,1,
2026-08-31 16:46:49,fetch_detail.py,db.netkeiba.com,/horse/2024103466/,200,0.39,1,
2026-08-31 16:46:55,fetch_detail.py,db.netkeiba.com,/horse/2024105116/,200,0.47,1,
2026-08-31 16:47:01,fetch_detail.py,db.netkeiba.com,/horse/2024107196/,200,0.35,1,
2026-08-31 16:47:06,fetch_detail.py,db.netkeiba.com,/horse/2024102356/,200,0.44,1,
2026-08-31 16:47:13,fetch_detail.py,db.netkeiba.com,/horse/2024105856/,200,0.32,1,
2026-08-31 16:47:20,fetch_detail.py,db.netkeiba.com,/horse/2024100031/,200,0.31,1,
2026-08-31 16:47:26,fetch_detail.py,db.netkeiba.com,/horse/2024106565/,200,0.33,1,
2026-08-31 16:47:32,fetch_detail.py,db.netkeiba.com,/horse/2024100444/,200,0.32,1,
2026-08-31 16:47:38,fetch_detail.py,db.netkeiba.com,/horse/2024104348/,200,0.35,1,
2026-08-31 16:47:44,fetch_detail.py,db.netkeiba.com,/horse/2024103441/,200,0.44,1,
2026-08-31 16:47:50,fetch_detail.py,db.netkeiba.com,/horse/2024107155/,200,0.32,1,
2026-08-31 16:47:56,fetch_detail.py,db.netkeiba.com,/horse/2024105911/,200,0.38,1,
2026-08-31 16:48:03,fetch_detail.py,db.netkeiba.com,/horse/2024105108/,200,0.43,1,
2026-08-31 16:48:09,fetch_detail.py,db.netkeiba.com,/horse/2024104953/,200,0.38,1,
2026-08-31 16:48:15,fetch_detail.py,db.netkeiba.com,/horse/2024106192/,200,0.37,1,
2026-08-31 16:48:21,fetch_detail.py,db.netkeiba.com,/horse/2024105431/,200,0.36,1,
2026-08-31 16:48:29,fetch_detail.py,db.netkeiba.com,/horse/2024100022/,200,0.35,1,
2026-08-31 16:48:34,fetch_detail.py,db.netkeiba.com,/horse/2024100424/,200,0.43,1,
2026-08-31 16:48:41,fetch_detail.py,db.netkeiba.com,/horse/2024105878/,200,0.32,1,
2026-08-31 16:48:47,fetch_detail.py,db.netkeiba.com,/horse/2024101308/,200,0.34,1,
2026-08-31 16:48:54,fetch_detail.py,db.netkeiba.com,/horse/2024103470/,200,0.35,1,
2026-08-31 16:48:59,fetch_detail.py,db.netkeiba.com,/horse/2024106663/,200,0.39,1,
2026-08-31 16:49:06,fetch_detail.py,db.netkeiba.com,/horse/2024101991/,200,0.33,1,
2026-08-31 16:49:13,fetch_detail.py,db.netkeiba.com,/horse/2024105964/,200,0.38,1,
2026-08-31 16:49:19,fetch_detail.py,db.netkeiba.com,/horse/2024106558/,200,0.36,1,
2026-08-31 16:49:25,fetch_detail.py,db.netkeiba.com,/horse/2024102521/,200,0.44,1,
2026-08-31 16:49:32,fetch_detail.py,db.netkeiba.com,/horse/2024100992/,200,0.41,1,
2026-08-31 16:49:39,fetch_detail.py,db.netkeiba.com,/horse/2024101690/,200,0.42,1,
2026-08-31 16:49:45,fetch_detail.py,db.netkeiba.com,/horse/2024100017/,200,0.35,1,
2026-08-31 16:49:52,fetch_detail.py,db.netkeiba.com,/horse/2024101975/,200,0.36,1,
2026-08-31 16:49:58,fetch_detail.py,db.netkeiba.com,/horse/2024103476/,200,0.37,1,
2026-08-31 16:50:06,fetch_detail.py,db.netkeiba.com,/horse/2024101203/,200,0.45,1,
2026-08-31 16:50:13,fetch_detail.py,db.netkeiba.com,/horse/2024106615/,200,0.33,1,
2026-08-31 16:50:19,fetch_detail.py,db.netkeiba.com,/horse/2024103447/,200,0.36,1,
2026-08-31 16:50:25,fetch_detail.py,db.netkeiba.com,/horse/2024104576/,200,0.35,1,
2026-08-31 16:50:32,fetch_detail.py,db.netkeiba.com,/horse/2024103463/,200,0.34,1,
2026-08-31 16:50:38,fetch_detail.py,db.netkeiba.com,/horse/2024106874/,200,0.34,1,
2026-08-31 16:50:45,fetch_detail.py,db.netkeiba.com,/horse/2024104321/,200,0.35,1,
2026-08-31 16:50:52,fetch_detail.py,db.netkeiba.com,/horse/2024102231/,200,0.32,1,
2026-08-31 16:50:58,fetch_detail.py,db.netkeiba.com,/horse/2024105869/,200,0.35,1,
2026-08-31 16:51:04,fetch_detail.py,db.netkeiba.com,/horse/2024102271/,200,0.36,1,
2026-08-31 16:51:09,fetch_detail.py,db.netkeiba.com,/horse/2024106453/,200,0.37,1,
2026-08-31 16:51:15,fetch_detail.py,db.netkeiba.com,/horse/2024105118/,200,0.42,1,
2026-08-31 16:51:21,fetch_detail.py,db.netkeiba.com,/horse/2024105153/,200,0.3,1,
2026-08-31 16:51:28,fetch_detail.py,db.netkeiba.com,/horse/2024102941/,200,0.5,1,
2026-08-31 16:51:36,fetch_detail.py,db.netkeiba.com,/horse/2024106219/,200,0.32,1,
2026-08-31 16:51:42,fetch_detail.py,db.netkeiba.com,/horse/2024106649/,200,0.31,1,
2026-08-31 16:51:49,fetch_detail.py,db.netkeiba.com,/horse/2024101078/,200,0.42,1,
2026-08-31 16:51:56,fetch_detail.py,db.netkeiba.com,/horse/2024105979/,200,0.45,1,
2026-08-31 16:52:01,fetch_detail.py,db.netkeiba.com,/horse/2024105292/,200,0.4,1,
2026-08-31 16:52:07,fetch_detail.py,db.netkeiba.com,/horse/2024107306/,200,0.34,1,
2026-08-31 16:52:13,fetch_detail.py,db.netkeiba.com,/horse/2024103474/,200,0.36,1,
2026-08-31 16:52:19,fetch_detail.py,db.netkeiba.com,/horse/2024105776/,200,0.33,1,
2026-08-31 16:52:25,fetch_detail.py,db.netkeiba.com,/horse/2024100172/,200,0.43,1,
2026-08-31 16:52:31,fetch_detail.py,db.netkeiba.com,/horse/2024109090/,200,0.42,1,
2026-08-31 16:52:39,fetch_detail.py,db.netkeiba.com,/horse/2024101865/,200,0.32,1,
2026-08-31 16:52:44,fetch_detail.py,db.netkeiba.com,/horse/2024106170/,200,0.35,1,
2026-08-31 16:52:50,fetch_detail.py,db.netkeiba.com,/horse/2024103334/,200,0.43,1,
2026-08-31 16:52:56,fetch_detail.py,db.netkeiba.com,/horse/2024102884/,200,0.42,1,
2026-08-31 16:53:03,fetch_detail.py,db.netkeiba.com,/horse/2024101150/,200,0.43,1,
2026-08-31 16:53:09,fetch_detail.py,db.netkeiba.com,/horse/2024103486/,200,0.34,1,
2026-08-31 16:53:16,fetch_detail.py,db.netkeiba.com,/horse/2024106057/,200,0.4,1,
2026-08-31 16:53:22,fetch_detail.py,db.netkeiba.com,/horse/2024106308/,200,0.33,1,
2026-08-31 16:53:28,fetch_detail.py,db.netkeiba.com,/horse/2024106242/,200,0.38,1,
2026-08-31 16:53:35,fetch_detail.py,db.netkeiba.com,/horse/2024103485/,200,0.34,1,
2026-08-31 16:53:42,fetch_detail.py,db.netkeiba.com,/horse/2024107219/,200,0.32,1,
2026-08-31 16:53:49,fetch_detail.py,db.netkeiba.com,/horse/2024106547/,200,0.39,1,
2026-08-31 16:53:55,fetch_detail.py,db.netkeiba.com,/horse/2024106633/,200,0.35,1,
2026-08-31 16:54:02,fetch_detail.py,db.netkeiba.com,/horse/2024102312/,200,0.4,1,
2026-08-31 16:54:09,fetch_detail.py,db.netkeiba.com,/horse/2024100732/,200,0.38,1,
2026-08-31 16:54:15,fetch_detail.py,db.netkeiba.com,/horse/2024101981/,200,0.43,1,
2026-08-31 16:54:21,fetch_detail.py,db.netkeiba.com,/horse/2024105897/,200,0.33,1,
2026-08-31 16:54:28,fetch_detail.py,db.netkeiba.com,/horse/2024105385/,200,0.31,1,
2026-08-31 16:54:34,fetch_detail.py,db.netkeiba.com,/horse/2024106441/,200,0.3,1,
2026-08-31 16:54:40,fetch_detail.py,db.netkeiba.com,/horse/2024105156/,200,0.38,1,
2026-08-31 16:54:45,fetch_detail.py,db.netkeiba.com,/horse/2024105931/,200,0.32,1,
2026-08-31 16:54:50,fetch_detail.py,db.netkeiba.com,/horse/2024103445/,200,0.31,1,
2026-08-31 16:54:57,fetch_detail.py,db.netkeiba.com,/horse/2024101934/,200,0.32,1,
2026-08-31 16:55:05,fetch_detail.py,db.netkeiba.com,/horse/2024104867/,200,0.33,1,
2026-08-31 16:55:12,fetch_detail.py,db.netkeiba.com,/horse/2024106334/,200,0.31,1,
2026-08-31 16:55:19,fetch_detail.py,db.netkeiba.com,/horse/2024102885/,200,0.34,1,
2026-08-31 16:55:26,fetch_detail.py,db.netkeiba.com,/horse/2024104231/,200,0.34,1,
2026-08-31 16:55:33,fetch_detail.py,db.netkeiba.com,/horse/2024103011/,200,0.32,1,
2026-08-31 16:55:39,fetch_detail.py,db.netkeiba.com,/horse/2024106036/,200,0.32,1,
2026-08-31 16:55:44,fetch_detail.py,db.netkeiba.com,/horse/2024105273/,200,0.43,1,
2026-08-31 16:55:51,fetch_detail.py,db.netkeiba.com,/horse/2024106926/,200,0.39,1,
2026-08-31 16:55:57,fetch_detail.py,db.netkeiba.com,/horse/2024104299/,200,0.36,1,
2026-08-31 16:56:05,fetch_detail.py,db.netkeiba.com,/horse/2024100726/,200,0.39,1,
2026-08-31 16:56:10,fetch_detail.py,db.netkeiba.com,/horse/2024101967/,200,0.34,1,
2026-08-31 16:56:17,fetch_detail.py,db.netkeiba.com,/horse/2024104452/,200,0.36,1,
2026-08-31 16:56:24,fetch_detail.py,db.netkeiba.com,/horse/2024103454/,200,0.42,1,
2026-08-31 16:56:31,fetch_detail.py,db.netkeiba.com,/horse/2024100763/,200,0.36,1,
2026-08-31 16:56:37,fetch_detail.py,db.netkeiba.com,/horse/2024105755/,200,0.34,1,
2026-08-31 16:56:44,fetch_detail.py,db.netkeiba.com,/horse/2024102217/,200,0.31,1,
2026-08-31 16:56:50,fetch_detail.py,db.netkeiba.com,/horse/2024105381/,200,0.35,1,
2026-08-31 16:56:56,fetch_detail.py,db.netkeiba.com,/horse/2024100111/,200,0.4,1,
2026-08-31 16:57:03,fetch_detail.py,db.netkeiba.com,/horse/2024103902/,200,0.33,1,
2026-08-31 16:57:09,fetch_detail.py,db.netkeiba.com,/horse/2024105824/,200,0.37,1,
2026-08-31 16:57:16,fetch_detail.py,db.netkeiba.com,/horse/2024107175/,200,0.33,1,
2026-08-31 16:57:23,fetch_detail.py,db.netkeiba.com,/horse/2024101400/,200,0.33,1,
2026-08-31 16:57:28,fetch_detail.py,db.netkeiba.com,/horse/2024103469/,200,0.33,1,
2026-08-31 16:57:34,fetch_detail.py,db.netkeiba.com,/horse/2024106355/,200,0.38,1,
2026-08-31 16:57:41,fetch_detail.py,db.netkeiba.com,/horse/2024103244/,200,0.38,1,
2026-08-31 16:57:47,fetch_detail.py,db.netkeiba.com,/horse/2024107236/,200,0.35,1,
2026-08-31 16:57:53,fetch_detail.py,db.netkeiba.com,/horse/2024103490/,200,0.37,1,
2026-08-31 16:58:00,fetch_detail.py,db.netkeiba.com,/horse/2024105256/,200,0.34,1,
2026-08-31 16:58:07,fetch_detail.py,db.netkeiba.com,/horse/2024106172/,200,0.43,1,
2026-08-31 16:58:13,fetch_detail.py,db.netkeiba.com,/horse/2024106212/,200,0.33,1,
2026-08-31 16:58:20,fetch_detail.py,db.netkeiba.com,/horse/2024101228/,200,0.33,1,
2026-08-31 16:58:26,fetch_detail.py,db.netkeiba.com,/horse/2024104574/,200,0.39,1,
2026-08-31 16:58:32,fetch_detail.py,db.netkeiba.com,/horse/2024102218/,200,0.38,1,
2026-08-31 16:58:38,fetch_detail.py,db.netkeiba.com,/horse/2024103444/,200,0.4,1,
2026-08-31 16:58:46,fetch_detail.py,db.netkeiba.com,/horse/2024102476/,200,0.42,1,
2026-08-31 16:58:53,fetch_detail.py,db.netkeiba.com,/horse/2024102481/,200,0.42,1,
2026-08-31 16:58:59,fetch_detail.py,db.netkeiba.com,/horse/2024100457/,200,0.33,1,
2026-08-31 16:59:06,fetch_races.py,db.netkeiba.com,/horse/result/2023106068/,200,0.34,1,
2026-08-31 16:59:13,fetch_races.py,db.netkeiba.com,/horse/result/2023103676/,200,0.4,1,
2026-08-31 16:59:20,fetch_races.py,db.netkeiba.com,/horse/result/2023105237/,200,0.33,1,
2026-08-31 16:59:25,fetch_races.py,db.netkeiba.com,/horse/result/2023100472/,200,0.31,1,
2026-08-31 16:59:31,fetch_races.py,db.netkeiba.com,/horse/result/2023104056/,200,0.38,1,
2026-08-31 16:59:38,fetch_races.py,db.netkeiba.com,/horse/result/2023104857/,200,0.34,1,
2026-08-31 16:59:44,fetch_races.py,db.netkeiba.com,/horse/result/2023104926/,200,0.38,1,
2026-08-31 16:59:50,fetch_races.py,db.netkeiba.com,/horse/result/2023106187/,200,0.37,1,
2026-08-31 16:59:56,fetch_races.py,db.netkeiba.com,/horse/result/2023105014/,200,0.35,1,
2026-08-31 17:00:01,fetch_races.py,db.netkeiba.com,/horse/result/2023106902/,200,0.39,1,
2026-08-31 17:00:09,fetch_races.py,db.netkeiba.com,/horse/result/2023103417/,200,0.34,1,
2026-08-31 17:00:16,fetch_races.py,db.netkeiba.com,/horse/result/2023107359/,200,0.36,1,
2026-08-31 17:00:21,fetch_races.py,db.netkeiba.com,/horse/result/2023100918/,200,0.39,1,
2026-08-31 17:00:29,fetch_races.py,db.netkeiba.com,/horse/result/2023103081/,200,0.38,1,
2026-08-31 17:00:35,fetch_races.py,db.netkeiba.com,/horse/result/2023106893/,200,0.38,1,
2026-08-31 17:00:41,fetch_races.py,db.netkeiba.com,/horse/result/2023103199/,200,0.29,1,
2026-08-31 17:00:47,fetch_races.py,db.netkeiba.com,/horse/result/2023106843/,200,0.37,1,
2026-08-31 17:00:53,fetch_races.py,db.netkeiba.com,/horse/result/2023106910/,200,0.4,1,
2026-08-31 17:01:00,fetch_races.py,db.netkeiba.com,/horse/result/2023105385/,200,0.39,1,
2026-08-31 17:01:05,fetch_races.py,db.netkeiba.com,/horse/result/2023107403/,200,0.35,1,
2026-08-31 17:01:11,fetch_races.py,db.netkeiba.com,/horse/result/2023103287/,200,0.39,1,
2026-08-31 17:01:17,fetch_races.py,db.netkeiba.com,/horse/result/2023103370/,200,0.41,1,
2026-08-31 17:01:25,fetch_races.py,db.netkeiba.com,/horse/result/2023103555/,200,0.33,1,
2026-08-31 17:01:31,fetch_races.py,db.netkeiba.com,/horse/result/2023107048/,200,0.32,1,
2026-08-31 17:01:37,fetch_races.py,db.netkeiba.com,/horse/result/2023103348/,200,0.4,1,
2026-08-31 17:01:43,fetch_races.py,db.netkeiba.com,/horse/result/2023105404/,200,0.33,1,
2026-08-31 17:01:50,fetch_races.py,db.netkeiba.com,/horse/result/2023104378/,200,0.38,1,
2026-08-31 17:01:57,fetch_races.py,db.netkeiba.com,/horse/result/2023101050/,200,0.32,1,
2026-08-31 17:02:04,fetch_races.py,db.netkeiba.com,/horse/result/2023105370/,200,0.39,1,
2026-08-31 17:02:11,fetch_races.py,db.netkeiba.com,/horse/result/2023105004/,200,0.36,1,
2026-08-31 17:02:18,fetch_races.py,db.netkeiba.com,/horse/result/2023104396/,200,0.42,1,
2026-08-31 17:02:24,fetch_races.py,db.netkeiba.com,/horse/result/2023105064/,200,0.34,1,
2026-08-31 17:02:29,fetch_races.py,db.netkeiba.com,/horse/result/2023105041/,200,0.37,1,
2026-08-31 17:02:35,fetch_races.py,db.netkeiba.com,/horse/result/2023107094/,200,0.39,1,
2026-08-31 17:02:41,fetch_races.py,db.netkeiba.com,/horse/result/2023105352/,200,0.39,1,
2026-08-31 17:02:48,fetch_races.py,db.netkeiba.com,/horse/result/2023106084/,200,0.35,1,
2026-08-31 17:02:55,fetch_races.py,db.netkeiba.com,/horse/result/2023107283/,200,0.35,1,
2026-08-31 17:03:00,fetch_races.py,db.netkeiba.com,/horse/result/2023104063/,200,0.32,1,
2026-08-31 17:03:06,fetch_races.py,db.netkeiba.com,/horse/result/2023106963/,200,0.39,1,
2026-08-31 17:03:12,fetch_races.py,db.netkeiba.com,/horse/result/2023105378/,200,0.33,1,
2026-08-31 17:03:19,fetch_races.py,db.netkeiba.com,/horse/result/2023105286/,200,0.39,1,
2026-08-31 17:03:25,fetch_races.py,db.netkeiba.com,/horse/result/2023103170/,200,0.37,1,
2026-08-31 17:03:30,fetch_races.py,db.netkeiba.com,/horse/result/2023107068/,200,0.32,1,
2026-08-31 17:03:38,fetch_races.py,db.netkeiba.com,/horse/result/2023105643/,200,0.43,1,
2026-08-31 17:03:44,fetch_races.py,db.netkeiba.com,/horse/result/2023105801/,200,0.33,1,
2026-08-31 17:03:50,fetch_races.py,db.netkeiba.com,/horse/result/2023100177/,200,0.39,1,
2026-08-31 17:03:55,fetch_races.py,db.netkeiba.com,/horse/result/2023105372/,200,0.31,1,
2026-08-31 17:04:02,fetch_races.py,db.netkeiba.com,/horse/result/2023107114/,200,0.32,1,
2026-08-31 17:04:08,fetch_races.py,db.netkeiba.com,/horse/result/2023103437/,200,0.36,1,
2026-08-31 17:04:13,fetch_races.py,db.netkeiba.com,/horse/result/2023100603/,200,0.34,1,
2026-08-31 17:04:21,fetch_races.py,db.netkeiba.com,/horse/result/2023103461/,200,0.35,1,
2026-08-31 17:04:27,fetch_races.py,db.netkeiba.com,/horse/result/2023105358/,200,0.34,1,
2026-08-31 17:04:34,fetch_races.py,db.netkeiba.com,/horse/result/2023105375/,200,0.31,1,
2026-08-31 17:04:41,fetch_races.py,db.netkeiba.com,/horse/result/2023104885/,200,0.46,1,
2026-08-31 17:04:48,fetch_races.py,db.netkeiba.com,/horse/result/2023103757/,200,0.38,1,
2026-08-31 17:04:55,fetch_races.py,db.netkeiba.com,/horse/result/2023105300/,200,0.37,1,
2026-08-31 17:05:03,fetch_races.py,db.netkeiba.com,/horse/result/2023100938/,200,0.34,1,
2026-08-31 17:05:08,fetch_races.py,db.netkeiba.com,/horse/result/2023107229/,200,0.39,1,
2026-08-31 17:05:14,fetch_races.py,db.netkeiba.com,/horse/result/2023104406/,200,0.33,1,
2026-08-31 17:05:21,fetch_races.py,db.netkeiba.com,/horse/result/2023103462/,200,0.35,1,
2026-08-31 17:05:27,fetch_races.py,db.netkeiba.com,/horse/result/2023103695/,200,0.27,1,
2026-08-31 17:05:35,fetch_races.py,db.netkeiba.com,/horse/result/2023103457/,200,0.38,1,
2026-08-31 17:05:40,fetch_races.py,db.netkeiba.com,/horse/result/2023104399/,200,0.32,1,
2026-08-31 17:05:46,fetch_races.py,db.netkeiba.com,/horse/result/2023100913/,200,0.36,1,
2026-08-31 17:05:52,fetch_races.py,db.netkeiba.com,/horse/result/2023105335/,200,0.38,1,
2026-08-31 17:05:59,fetch_races.py,db.netkeiba.com,/horse/result/2023104387/,200,0.38,1,
2026-08-31 17:06:05,fetch_races.py,db.netkeiba.com,/horse/result/2023100627/,200,0.41,1,
2026-08-31 17:06:12,fetch_races.py,db.netkeiba.com,/horse/result/2023104418/,200,0.32,1,
2026-08-31 17:06:19,fetch_races.py,db.netkeiba.com,/horse/result/2023105296/,200,0.32,1,
2026-08-31 17:06:26,fetch_races.py,db.netkeiba.com,/horse/result/2023105789/,200,0.37,1,
2026-08-31 17:06:33,fetch_races.py,db.netkeiba.com,/horse/result/2023105383/,200,0.32,1,
2026-08-31 17:06:39,fetch_races.py,db.netkeiba.com,/horse/result/2023104690/,200,0.34,1,
2026-08-31 17:06:45,fetch_races.py,db.netkeiba.com,/horse/result/2023102916/,200,0.32,1,
2026-08-31 17:06:51,fetch_races.py,db.netkeiba.com,/horse/result/2023106716/,200,0.31,1,
2026-08-31 17:06:58,fetch_races.py,db.netkeiba.com,/horse/result/2023107278/,200,0.32,1,
2026-08-31 17:07:04,fetch_races.py,db.netkeiba.com,/horse/result/2023107238/,200,0.38,1,
2026-08-31 17:07:11,fetch_races.py,db.netkeiba.com,/horse/result/2023102906/,200,0.36,1,
2026-08-31 17:07:16,fetch_races.py,db.netkeiba.com,/horse/result/2023107004/,200,0.32,1,
2026-08-31 17:07:23,fetch_races.py,db.netkeiba.com,/horse/result/2023106188/,200,0.43,1,
2026-08-31 17:07:29,fetch_races.py,db.netkeiba.com,/horse/result/2023106148/,200,0.44,1,
2026-08-31 17:07:35,fetch_races.py,db.netkeiba.com,/horse/result/2023100069/,200,0.37,1,
2026-08-31 17:07:43,fetch_races.py,db.netkeiba.com,/horse/result/2023104552/,200,0.33,1,
2026-08-31 17:07:50,fetch_races.py,db.netkeiba.com,/horse/result/2023104374/,200,0.38,1,
2026-08-31 17:07:57,fetch_races.py,db.netkeiba.com,/horse/result/2023104380/,200,0.32,1,
2026-08-31 17:08:04,fetch_races.py,db.netkeiba.com,/horse/result/2023106281/,200,0.35,1,
2026-08-31 17:08:11,fetch_races.py,db.netkeiba.com,/horse/result/2023102808/,200,0.37,1,
2026-08-31 17:08:17,fetch_races.py,db.netkeiba.com,/horse/result/2023104389/,200,0.34,1,
2026-08-31 17:08:24,fetch_races.py,db.netkeiba.com,/horse/result/2023102172/,200,0.33,1,
2026-08-31 17:08:29,fetch_races.py,db.netkeiba.com,/horse/result/2023105349/,200,0.43,1,
2026-08-31 17:08:37,fetch_races.py,db.netkeiba.com,/horse/result/2023105593/,200,0.42,1,
2026-08-31 17:08:44,fetch_races.py,db.netkeiba.com,/horse/result/2023107248/,200,0.33,1,
2026-08-31 17:08:51,fetch_races.py,db.netkeiba.com,/horse/result/2023105371/,200,0.33,1,
2026-08-31 17:08:57,fetch_races.py,db.netkeiba.com,/horse/result/2023106285/,200,0.35,1,
2026-08-31 17:09:03,fetch_races.py,db.netkeiba.com,/horse/result/2023103531/,200,0.32,1,
2026-08-31 17:09:09,fetch_races.py,db.netkeiba.com,/horse/result/2023100497/,200,0.36,1,
2026-08-31 17:09:14,fetch_races.py,db.netkeiba.com,/horse/result/2023100804/,200,0.39,1,
2026-08-31 17:09:21,fetch_races.py,db.netkeiba.com,/horse/result/2023105898/,200,0.28,1,
2026-08-31 17:09:29,fetch_races.py,db.netkeiba.com,/horse/result/2023101702/,200,0.41,1,
2026-08-31 17:09:35,fetch_races.py,db.netkeiba.com,/horse/result/2023104402/,200,0.38,1,
2026-08-31 17:09:41,fetch_races.py,db.netkeiba.com,/horse/result/2023100732/,200,0.38,1,
2026-08-31 17:09:47,fetch_races.py,db.netkeiba.com,/horse/result/2023100718/,200,0.38,1,
2026-08-31 17:09:53,fetch_races.py,db.netkeiba.com,/horse/result/2023103075/,200,0.36,1,
2026-08-31 17:09:59,fetch_races.py,db.netkeiba.com,/horse/result/2023103372/,200,0.33,1,
2026-08-31 17:10:06,fetch_races.py,db.netkeiba.com,/horse/result/2023102088/,200,0.39,1,
2026-08-31 17:10:13,fetch_races.py,db.netkeiba.com,/horse/result/2023103580/,200,0.37,1,
2026-08-31 17:10:19,fetch_races.py,db.netkeiba.com,/horse/result/2023104405/,200,0.35,1,
2026-08-31 17:10:25,fetch_races.py,db.netkeiba.com,/horse/result/2023101575/,200,0.31,1,
2026-08-31 17:10:32,fetch_races.py,db.netkeiba.com,/horse/result/2023107164/,200,0.44,1,
2026-08-31 17:10:38,fetch_races.py,db.netkeiba.com,/horse/result/2023107039/,200,0.34,1,
2026-08-31 17:10:45,fetch_races.py,db.netkeiba.com,/horse/result/2023105216/,200,0.37,1,
2026-08-31 17:10:52,fetch_races.py,db.netkeiba.com,/horse/result/2023102954/,200,0.36,1,
2026-08-31 17:10:57,fetch_races.py,db.netkeiba.com,/horse/result/2023106795/,200,0.35,1,
2026-08-31 17:11:02,fetch_races.py,db.netkeiba.com,/horse/result/2023103427/,200,0.33,1,
2026-08-31 17:11:09,fetch_races.py,db.netkeiba.com,/horse/result/2023107105/,200,0.32,1,
2026-08-31 17:11:16,fetch_races.py,db.netkeiba.com,/horse/result/2023103386/,200,0.33,1,
2026-08-31 17:11:22,fetch_races.py,db.netkeiba.com,/horse/result/2023107297/,200,0.29,1,
2026-08-31 17:11:29,fetch_races.py,db.netkeiba.com,/horse/result/2023104401/,200,0.3,1,
2026-08-31 17:11:35,fetch_races.py,db.netkeiba.com,/horse/result/2023100107/,200,0.47,1,
2026-08-31 17:11:43,fetch_races.py,db.netkeiba.com,/horse/result/2023106615/,200,0.35,1,
2026-08-31 17:11:48,fetch_races.py,db.netkeiba.com,/horse/result/2023107341/,200,0.37,1,
2026-08-31 17:11:56,fetch_races.py,db.netkeiba.com,/horse/result/2023107227/,200,0.36,1,
2026-08-31 17:12:02,fetch_races.py,db.netkeiba.com,/horse/result/2023106617/,200,0.36,1,
2026-08-31 17:12:08,fetch_races.py,db.netkeiba.com,/horse/result/2023106625/,200,0.29,1,
2026-08-31 17:12:15,fetch_races.py,db.netkeiba.com,/horse/result/2023104600/,200,0.28,1,
2026-08-31 17:12:22,fetch_races.py,db.netkeiba.com,/horse/result/2023103516/,200,0.28,1,
2026-08-31 17:12:29,fetch_races.py,db.netkeiba.com,/horse/result/2023105793/,200,0.46,1,
2026-08-31 17:12:36,fetch_races.py,db.netkeiba.com,/horse/result/2023104327/,200,0.33,1,
2026-08-31 17:12:43,fetch_races.py,db.netkeiba.com,/horse/result/2023100972/,200,0.31,1,
2026-08-31 17:12:48,fetch_races.py,db.netkeiba.com,/horse/result/2023103402/,200,0.32,1,
2026-08-31 17:12:55,fetch_races.py,db.netkeiba.com,/horse/result/2023103903/,200,0.31,1,
2026-08-31 17:13:00,fetch_races.py,db.netkeiba.com,/horse/result/2024106121/,200,0.28,1,
2026-08-31 17:13:08,fetch_races.py,db.netkeiba.com,/horse/result/2024100428/,200,0.27,1,
2026-08-31 17:13:13,fetch_races.py,db.netkeiba.com,/horse/result/2024106601/,200,0.28,1,
2026-08-31 17:13:21,fetch_races.py,db.netkeiba.com,/horse/result/2024106612/,200,0.34,1,
2026-08-31 17:13:28,fetch_races.py,db.netkeiba.com,/horse/result/2024106508/,200,0.31,1,
2026-08-31 17:13:34,fetch_races.py,db.netkeiba.com,/horse/result/2024101781/,200,0.35,1,
2026-08-31 17:13:39,fetch_races.py,db.netkeiba.com,/horse/result/2024104585/,200,0.35,1,
2026-08-31 17:13:46,fetch_races.py,db.netkeiba.com,/horse/result/2024106970/,200,0.33,1,
2026-08-31 17:13:52,fetch_races.py,db.netkeiba.com,/horse/result/2024106928/,200,0.32,1,
2026-08-31 17:13:58,fetch_races.py,db.netkeiba.com,/horse/result/2024106927/,200,0.35,1,
2026-08-31 17:14:05,fetch_races.py,db.netkeiba.com,/horse/result/2024106181/,200,0.36,1,
2026-08-31 17:14:12,fetch_races.py,db.netkeiba.com,/horse/result/2024105493/,200,0.28,1,
2026-08-31 17:14:17,fetch_races.py,db.netkeiba.com,/horse/result/2024106354/,200,0.29,1,
2026-08-31 17:14:22,fetch_races.py,db.netkeiba.com,/horse/result/2024101927/,200,0.31,1,
2026-08-31 17:14:30,fetch_races.py,db.netkeiba.com,/horse/result/2024101734/,200,0.28,1,
2026-08-31 17:14:37,fetch_races.py,db.netkeiba.com,/horse/result/2024102338/,200,0.28,1,
2026-08-31 17:14:43,fetch_races.py,db.netkeiba.com,/horse/result/2024106395/,200,0.33,1,
2026-08-31 17:14:49,fetch_races.py,db.netkeiba.com,/horse/result/2024100037/,200,0.31,1,
2026-08-31 17:14:55,fetch_races.py,db.netkeiba.com,/horse/result/2024100731/,200,0.28,1,
2026-08-31 17:15:02,fetch_races.py,db.netkeiba.com,/horse/result/2024106605/,200,0.32,1,
2026-08-31 17:15:09,fetch_races.py,db.netkeiba.com,/horse/result/2024103472/,200,0.32,1,
2026-08-31 17:15:15,fetch_races.py,db.netkeiba.com,/horse/result/2024103456/,200,0.35,1,
2026-08-31 17:15:20,fetch_races.py,db.netkeiba.com,/horse/result/2024100046/,200,0.29,1,
2026-08-31 17:15:25,fetch_races.py,db.netkeiba.com,/horse/result/2024101771/,200,0.3,1,
2026-08-31 17:15:32,fetch_races.py,db.netkeiba.com,/horse/result/2024106186/,200,0.31,1,
2026-08-31 17:15:38,fetch_races.py,db.netkeiba.com,/horse/result/2024102310/,200,0.27,1,
2026-08-31 17:15:45,fetch_races.py,db.netkeiba.com,/horse/result/2024104340/,200,0.34,1,
2026-08-31 17:15:52,fetch_races.py,db.netkeiba.com,/horse/result/2024105812/,200,0.27,1,
2026-08-31 17:15:58,fetch_races.py,db.netkeiba.com,/horse/result/2024105835/,200,0.27,1,
2026-08-31 17:16:03,fetch_races.py,db.netkeiba.com,/horse/result/2024103457/,200,0.31,1,
2026-08-31 17:16:10,fetch_races.py,db.netkeiba.com,/horse/result/2024104451/,200,0.33,1,
2026-08-31 17:16:17,fetch_races.py,db.netkeiba.com,/horse/result/2024103466/,200,0.27,1,
2026-08-31 17:16:24,fetch_races.py,db.netkeiba.com,/horse/result/2024105116/,200,0.3,1,
2026-08-31 17:16:32,fetch_races.py,db.netkeiba.com,/horse/result/2024107196/,200,0.33,1,
2026-08-31 17:16:37,fetch_races.py,db.netkeiba.com,/horse/result/2024102356/,200,0.3,1,
2026-08-31 17:16:43,fetch_races.py,db.netkeiba.com,/horse/result/2024105856/,200,0.31,1,
2026-08-31 17:16:49,fetch_races.py,db.netkeiba.com,/horse/result/2024100031/,200,0.32,1,
2026-08-31 17:16:56,fetch_races.py,db.netkeiba.com,/horse/result/2024106565/,200,0.31,1,
2026-08-31 17:17:03,fetch_races.py,db.netkeiba.com,/horse/result/2024100444/,200,0.33,1,
2026-08-31 17:17:10,fetch_races.py,db.netkeiba.com,/horse/result/2024104348/,200,0.31,1,
2026-08-31 17:17:15,fetch_races.py,db.netkeiba.com,/horse/result/2024103441/,200,0.31,1,
2026-08-31 17:17:20,fetch_races.py,db.netkeiba.com,/horse/result/2024107155/,200,0.29,1,
2026-08-31 17:17:26,fetch_races.py,db.netkeiba.com,/horse/result/2024105911/,200,0.31,1,
2026-08-31 17:17:31,fetch_races.py,db.netkeiba.com,/horse/result/2024105108/,200,0.28,1,
2026-08-31 17:17:37,fetch_races.py,db.netkeiba.com,/horse/result/2024104953/,200,0.3,1,
2026-08-31 17:17:43,fetch_races.py,db.netkeiba.com,/horse/result/2024106192/,200,0.31,1,
2026-08-31 17:17:49,fetch_races.py,db.netkeiba.com,/horse/result/2024105431/,200,0.31,1,
2026-08-31 17:17:54,fetch_races.py,db.netkeiba.com,/horse/result/2024100022/,200,0.31,1,
2026-08-31 17:18:01,fetch_races.py,db.netkeiba.com,/horse/result/2024100424/,200,0.27,1,
2026-08-31 17:18:09,fetch_races.py,db.netkeiba.com,/horse/result/2024105878/,200,0.29,1,
2026-08-31 17:18:15,fetch_races.py,db.netkeiba.com,/horse/result/2024101308/,200,0.31,1,
2026-08-31 17:18:22,fetch_races.py,db.netkeiba.com,/horse/result/2024103470/,200,0.32,1,
2026-08-31 17:18:29,fetch_races.py,db.netkeiba.com,/horse/result/2024106663/,200,0.29,1,
2026-08-31 17:18:36,fetch_races.py,db.netkeiba.com,/horse/result/2024101991/,200,0.49,1,
2026-08-31 17:18:42,fetch_races.py,db.netkeiba.com,/horse/result/2024105964/,200,0.47,1,
2026-08-31 17:18:48,fetch_races.py,db.netkeiba.com,/horse/result/2024106558/,200,0.3,1,
2026-08-31 17:18:55,fetch_races.py,db.netkeiba.com,/horse/result/2024102521/,200,0.47,1,
2026-08-31 17:19:02,fetch_races.py,db.netkeiba.com,/horse/result/2024100992/,200,0.28,1,
2026-08-31 17:19:08,fetch_races.py,db.netkeiba.com,/horse/result/2024101690/,200,0.35,1,
2026-08-31 17:19:14,fetch_races.py,db.netkeiba.com,/horse/result/2024100017/,200,0.51,1,
2026-08-31 17:19:19,fetch_races.py,db.netkeiba.com,/horse/result/2024101975/,200,0.44,1,
2026-08-31 17:19:25,fetch_races.py,db.netkeiba.com,/horse/result/2024103476/,200,0.42,1,
2026-08-31 17:19:31,fetch_races.py,db.netkeiba.com,/horse/result/2024101203/,200,0.36,1,
2026-08-31 17:19:38,fetch_races.py,db.netkeiba.com,/horse/result/2024106615/,200,0.28,1,
2026-08-31 17:19:43,fetch_races.py,db.netkeiba.com,/horse/result/2024103447/,200,0.29,1,
2026-08-31 17:19:48,fetch_races.py,db.netkeiba.com,/horse/result/2024104576/,200,0.32,1,
2026-08-31 17:19:55,fetch_races.py,db.netkeiba.com,/horse/result/2024103463/,200,0.35,1,
2026-08-31 17:20:03,fetch_races.py,db.netkeiba.com,/horse/result/2024106874/,200,0.42,1,
2026-08-31 17:20:09,fetch_races.py,db.netkeiba.com,/horse/result/2024104321/,200,0.47,1,
2026-08-31 17:20:15,fetch_races.py,db.netkeiba.com,/horse/result/2024102231/,200,0.32,1,
2026-08-31 17:20:23,fetch_races.py,db.netkeiba.com,/horse/result/2024105869/,200,0.27,1,
2026-08-31 17:20:28,fetch_races.py,db.netkeiba.com,/horse/result/2024102271/,200,0.34,1,
2026-08-31 17:20:34,fetch_races.py,db.netkeiba.com,/horse/result/2024106453/,200,0.32,1,
2026-08-31 17:20:40,fetch_races.py,db.netkeiba.com,/horse/result/2024105118/,200,0.47,1,
2026-08-31 17:20:46,fetch_races.py,db.netkeiba.com,/horse/result/2024105153/,200,0.3,1,
2026-08-31 17:20:53,fetch_races.py,db.netkeiba.com,/horse/result/2024102941/,200,0.31,1,
2026-08-31 17:20:58,fetch_races.py,db.netkeiba.com,/horse/result/2024106219/,200,0.48,1,
2026-08-31 17:21:04,fetch_races.py,db.netkeiba.com,/horse/result/2024106649/,200,0.35,1,
2026-08-31 17:21:09,fetch_races.py,db.netkeiba.com,/horse/result/2024101078/,200,0.39,1,
2026-08-31 17:21:15,fetch_races.py,db.netkeiba.com,/horse/result/2024105979/,200,0.33,1,
2026-08-31 17:21:22,fetch_races.py,db.netkeiba.com,/horse/result/2024105292/,200,0.3,1,
2026-08-31 17:21:28,fetch_races.py,db.netkeiba.com,/horse/result/2024107306/,200,0.33,1,
2026-08-31 17:21:35,fetch_races.py,db.netkeiba.com,/horse/result/2024103474/,200,0.44,1,
2026-08-31 17:21:42,fetch_races.py,db.netkeiba.com,/horse/result/2024105776/,200,0.31,1,
2026-08-31 17:21:47,fetch_races.py,db.netkeiba.com,/horse/result/2024100172/,200,0.27,1,
2026-08-31 17:21:53,fetch_races.py,db.netkeiba.com,/horse/result/2024109090/,200,0.43,1,
2026-08-31 17:22:00,fetch_races.py,db.netkeiba.com,/horse/result/2024101865/,200,0.47,1,
2026-08-31 17:22:07,fetch_races.py,db.netkeiba.com,/horse/result/2024106170/,200,0.47,1,
2026-08-31 17:22:14,fetch_races.py,db.netkeiba.com,/horse/result/2024103334/,200,0.32,1,
2026-08-31 17:22:20,fetch_races.py,db.netkeiba.com,/horse/result/2024102884/,200,0.32,1,
2026-08-31 17:22:27,fetch_races.py,db.netkeiba.com,/horse/result/2024101150/,200,0.47,1,
2026-08-31 17:22:35,fetch_races.py,db.netkeiba.com,/horse/result/2024103486/,200,0.43,1,
2026-08-31 17:22:42,fetch_races.py,db.netkeiba.com,/horse/result/2024106057/,200,0.32,1,
2026-08-31 17:22:48,fetch_races.py,db.netkeiba.com,/horse/result/2024106308/,200,0.27,1,
2026-08-31 17:22:54,fetch_races.py,db.netkeiba.com,/horse/result/2024106242/,200,0.43,1,
2026-08-31 17:23:00,fetch_races.py,db.netkeiba.com,/horse/result/2024103485/,200,0.29,1,
2026-08-31 17:23:07,fetch_races.py,db.netkeiba.com,/horse/result/2024107219/,200,0.3,1,
2026-08-31 17:23:13,fetch_races.py,db.netkeiba.com,/horse/result/2024106547/,200,0.35,1,
2026-08-31 17:23:20,fetch_races.py,db.netkeiba.com,/horse/result/2024106633/,200,0.27,1,
2026-08-31 17:23:25,fetch_races.py,db.netkeiba.com,/horse/result/2024102312/,200,0.31,1,
2026-08-31 17:23:31,fetch_races.py,db.netkeiba.com,/horse/result/2024100732/,200,0.31,1,
2026-08-31 17:23:37,fetch_races.py,db.netkeiba.com,/horse/result/2024101981/,200,0.29,1,
2026-08-31 17:23:43,fetch_races.py,db.netkeiba.com,/horse/result/2024105897/,200,0.28,1,
2026-08-31 17:23:50,fetch_races.py,db.netkeiba.com,/horse/result/2024105385/,200,0.32,1,
2026-08-31 17:23:57,fetch_races.py,db.netkeiba.com,/horse/result/2024106441/,200,0.28,1,
2026-08-31 17:24:03,fetch_races.py,db.netkeiba.com,/horse/result/2024105156/,200,0.34,1,
2026-08-31 17:24:10,fetch_races.py,db.netkeiba.com,/horse/result/2024105931/,200,0.29,1,
2026-08-31 17:24:17,fetch_races.py,db.netkeiba.com,/horse/result/2024103445/,200,0.27,1,
2026-08-31 17:24:24,fetch_races.py,db.netkeiba.com,/horse/result/2024101934/,200,0.28,1,
2026-08-31 17:24:32,fetch_races.py,db.netkeiba.com,/horse/result/2024104867/,200,0.35,1,
2026-08-31 17:24:38,fetch_races.py,db.netkeiba.com,/horse/result/2024106334/,200,0.27,1,
2026-08-31 17:24:45,fetch_races.py,db.netkeiba.com,/horse/result/2024102885/,200,0.38,1,
2026-08-31 17:24:51,fetch_races.py,db.netkeiba.com,/horse/result/2024104231/,200,0.34,1,
2026-08-31 17:24:57,fetch_races.py,db.netkeiba.com,/horse/result/2024103011/,200,0.27,1,
2026-08-31 17:25:04,fetch_races.py,db.netkeiba.com,/horse/result/2024106036/,200,0.33,1,
2026-08-31 17:25:10,fetch_races.py,db.netkeiba.com,/horse/result/2024105273/,200,0.31,1,
2026-08-31 17:25:15,fetch_races.py,db.netkeiba.com,/horse/result/2024106926/,200,0.31,1,
2026-08-31 17:25:22,fetch_races.py,db.netkeiba.com,/horse/result/2024104299/,200,0.28,1,
2026-08-31 17:25:28,fetch_races.py,db.netkeiba.com,/horse/result/2024100726/,200,0.32,1,
2026-08-31 17:25:34,fetch_races.py,db.netkeiba.com,/horse/result/2024101967/,200,0.27,1,
2026-08-31 17:25:41,fetch_races.py,db.netkeiba.com,/horse/result/2024104452/,200,0.31,1,
2026-08-31 17:25:47,fetch_races.py,db.netkeiba.com,/horse/result/2024103454/,200,0.33,1,
2026-08-31 17:25:53,fetch_races.py,db.netkeiba.com,/horse/result/2024100763/,200,0.32,1,
2026-08-31 17:25:59,fetch_races.py,db.netkeiba.com,/horse/result/2024105755/,200,0.32,1,
2026-08-31 17:26:06,fetch_races.py,db.netkeiba.com,/horse/result/2024102217/,200,0.34,1,
2026-08-31 17:26:12,fetch_races.py,db.netkeiba.com,/horse/result/2024105381/,200,0.31,1,
2026-08-31 17:26:19,fetch_races.py,db.netkeiba.com,/horse/result/2024100111/,200,0.32,1,
2026-08-31 17:26:25,fetch_races.py,db.netkeiba.com,/horse/result/2024103902/,200,0.32,1,
2026-08-31 17:26:32,fetch_races.py,db.netkeiba.com,/horse/result/2024105824/,200,0.33,1,
2026-08-31 17:26:37,fetch_races.py,db.netkeiba.com,/horse/result/2024107175/,200,0.32,1,
2026-08-31 17:26:43,fetch_races.py,db.netkeiba.com,/horse/result/2024101400/,200,0.32,1,
2026-08-31 17:26:49,fetch_races.py,db.netkeiba.com,/horse/result/2024103469/,200,0.29,1,
2026-08-31 17:26:54,fetch_races.py,db.netkeiba.com,/horse/result/2024106355/,200,0.31,1,
2026-08-31 17:27:01,fetch_races.py,db.netkeiba.com,/horse/result/2024103244/,200,0.31,1,
2026-08-31 17:27:07,fetch_races.py,db.netkeiba.com,/horse/result/2024107236/,200,0.34,1,
2026-08-31 17:27:13,fetch_races.py,db.netkeiba.com,/horse/result/2024103490/,200,0.31,1,
2026-08-31 17:27:18,fetch_races.py,db.netkeiba.com,/horse/result/2024105256/,200,0.26,1,
2026-08-31 17:27:25,fetch_races.py,db.netkeiba.com,/horse/result/2024106172/,200,0.28,1,
2026-08-31 17:27:30,fetch_races.py,db.netkeiba.com,/horse/result/2024106212/,200,0.31,1,
2026-08-31 17:27:36,fetch_races.py,db.netkeiba.com,/horse/result/2024101228/,200,0.28,1,
2026-08-31 17:27:42,fetch_races.py,db.netkeiba.com,/horse/result/2024104574/,200,0.32,1,
2026-08-31 17:27:48,fetch_races.py,db.netkeiba.com,/horse/result/2024102218/,200,0.31,1,
2026-08-31 17:27:54,fetch_races.py,db.netkeiba.com,/horse/result/2024103444/,200,0.27,1,
2026-08-31 17:28:01,fetch_races.py,db.netkeiba.com,/horse/result/2024102476/,200,0.29,1,
2026-08-31 17:28:08,fetch_races.py,db.netkeiba.com,/horse/result/2024102481/,200,0.36,1,
2026-08-31 17:28:14,fetch_races.py,db.netkeiba.com,/horse/result/2024100457/,200,0.33,1,
2026-08-31 17:29:04,build_registry.py,www.jbis.or.jp,/horse/0001237042/sire/progeny/,200,3.36,1,
2026-08-31 17:29:08,build_registry.py,www.jbis.or.jp,/horse/0001237042/sire/progeny/,200,1.98,1,
2026-08-31 17:29:10,build_registry.py,www.jbis.or.jp,/horse/0001237042/sire/progeny/,200,1.9,1,
2026-08-31 17:29:13,build_registry.py,www.jbis.or.jp,/horse/0001237042/sire/progeny/,200,1.3,1,
2026-08-31 17:29:14,fetch_studbook.py,www.studbook.jp,/users/ja/SearchBameiList,200,0.34,1,
2026-08-31 17:29:14,fetch_nk_id.py,db.netkeiba.com,/horse/list.html,200,0.54,1,
2026-08-31 17:29:14,fetch_studbook.py,www.studbook.jp,/users/ja/SearchChichiKettouList2,200,0.41,1,
2026-08-31 17:29:16,fetch_studbook.py,www.studbook.jp,/users/ja/SearchChichiKettouList2,200,0.38,1,
2026-08-31 17:29:17,fetch_studbook.py,www.studbook.jp,/users/ja/SearchChichiKettouList2,200,0.25,1,
2026-08-31 17:29:17,fetch_studbook.py,www.studbook.jp,/users/ja/Honba,200,0.13,1,
2026-08-31 17:29:19,fetch_studbook.py,www.studbook.jp,/users/ja/SearchChichiKettouList2,200,0.31,1,
2026-08-31 17:29:20,fetch_studbook.py,www.studbook.jp,/users/ja/SearchChichiKettouList2,200,0.37,1,
2026-08-31 17:29:21,fetch_studbook.py,www.studbook.jp,/users/ja/SearchChichiKettouList2,200,0.3,1,
2026-08-31 17:29:22,fetch_nk_id.py,db.netkeiba.com,/horse/list.html,200,0.52,1,
2026-08-31 17:29:29,fetch_nk_id.py,db.netkeiba.com,/horse/list.html,200,0.51,1,
2026-08-31 17:29:35,fetch_nk_id.py,db.netkeiba.com,/horse/list.html,200,0.54,1,
2026-08-31 17:29:37,fetch_detail.py,db.netkeiba.com,/horse/2023106068/,200,0.33,1,
2026-08-31 17:29:43,fetch_detail.py,db.netkeiba.com,/horse/2023103676/,200,0.34,1,
2026-08-31 17:29:49,fetch_detail.py,db.netkeiba.com,/horse/2023105237/,200,0.44,1,
2026-09-02 14:35:14,probe_parse_detail.py,db.netkeiba.com,/horse/2023101575/,200,0.46,1,
2026-09-02 14:35:21,probe_parse_detail.py,db.netkeiba.com,/horse/2023101575/,200,0.52,1,
2026-09-02 14:36:46,probe_parse_detail.py,db.netkeiba.com,/horse/2023101575/,200,0.65,1,
2026-09-02 15:17:30,probe_parse_detail.py,db.netkeiba.com,/horse/2023101575/,200,0.5,1,
2026-09-02 15:17:48,fetch_detail.py,db.netkeiba.com,/horse/2023106068/,200,0.45,1,
2026-09-02 15:17:53,fetch_detail.py,db.netkeiba.com,/horse/2023103676/,200,0.41,1,
2026-09-02 15:17:59,fetch_detail.py,db.netkeiba.com,/horse/2023105237/,200,0.39,1,
2026-09-02 15:18:06,fetch_detail.py,db.netkeiba.com,/horse/2023100472/,200,0.43,1,
2026-09-02 15:18:11,fetch_detail.py,db.netkeiba.com,/horse/2023104056/,200,0.47,1,
2026-09-02 15:18:18,fetch_detail.py,db.netkeiba.com,/horse/2023104857/,200,0.56,1,
2026-09-02 15:18:24,fetch_detail.py,db.netkeiba.com,/horse/2023104926/,200,0.48,1,
2026-09-02 15:18:31,fetch_detail.py,db.netkeiba.com,/horse/2023106187/,200,0.5,1,
2026-09-02 15:18:38,fetch_detail.py,db.netkeiba.com,/horse/2023105014/,200,0.47,1,
2026-09-02 15:18:45,fetch_detail.py,db.netkeiba.com,/horse/2023106902/,200,0.48,1,
2026-09-02 15:18:52,fetch_detail.py,db.netkeiba.com,/horse/2023103417/,200,0.82,1,
2026-09-02 15:18:58,fetch_detail.py,db.netkeiba.com,/horse/2023107359/,200,0.78,1,
2026-09-02 15:19:05,fetch_detail.py,db.netkeiba.com,/horse/2023100918/,200,0.73,1,
2026-09-02 15:19:11,fetch_detail.py,db.netkeiba.com,/horse/2023103081/,200,0.84,1,
2026-09-02 15:19:19,fetch_detail.py,db.netkeiba.com,/horse/2023106893/,200,0.86,1,
2026-09-02 15:19:25,fetch_detail.py,db.netkeiba.com,/horse/2023103199/,200,0.77,1,
2026-09-02 15:19:30,fetch_detail.py,db.netkeiba.com,/horse/2023106843/,200,0.8,1,
2026-09-02 15:19:38,fetch_detail.py,db.netkeiba.com,/horse/2023106910/,200,0.8,1,
2026-09-02 15:19:45,fetch_detail.py,db.netkeiba.com,/horse/2023105385/,200,0.7,1,
2026-09-02 15:19:51,fetch_detail.py,db.netkeiba.com,/horse/2023107403/,200,0.75,1,
2026-09-02 15:19:58,fetch_detail.py,db.netkeiba.com,/horse/2023103287/,200,0.84,1,
2026-09-02 15:20:05,fetch_detail.py,db.netkeiba.com,/horse/2023103370/,200,0.91,1,
2026-09-02 15:20:11,fetch_detail.py,db.netkeiba.com,/horse/2023103555/,200,0.74,1,
2026-09-02 15:20:18,fetch_detail.py,db.netkeiba.com,/horse/2023107048/,200,0.82,1,
2026-09-02 15:20:24,fetch_detail.py,db.netkeiba.com,/horse/2023103348/,200,0.71,1,
2026-09-02 15:20:31,fetch_detail.py,db.netkeiba.com,/horse/2023105404/,200,0.92,1,
2026-09-02 15:20:39,fetch_detail.py,db.netkeiba.com,/horse/2023104378/,200,0.79,1,
2026-09-02 15:20:45,fetch_detail.py,db.netkeiba.com,/horse/2023101050/,200,0.87,1,
2026-09-02 15:20:50,fetch_detail.py,db.netkeiba.com,/horse/2023105370/,200,0.71,1,
2026-09-02 15:20:56,fetch_detail.py,db.netkeiba.com,/horse/2023105004/,200,0.82,1,
2026-09-02 15:21:03,fetch_detail.py,db.netkeiba.com,/horse/2023104396/,200,0.41,1,
2026-09-02 15:21:10,fetch_detail.py,db.netkeiba.com,/horse/2023105064/,200,0.4,1,
2026-09-02 15:21:17,fetch_detail.py,db.netkeiba.com,/horse/2023105041/,200,0.44,1,
2026-09-02 15:21:23,fetch_detail.py,db.netkeiba.com,/horse/2023107094/,200,0.5,1,
2026-09-02 15:21:29,fetch_detail.py,db.netkeiba.com,/horse/2023105352/,200,0.41,1,
2026-09-02 15:21:36,fetch_detail.py,db.netkeiba.com,/horse/2023106084/,200,0.41,1,
2026-09-02 15:21:42,fetch_detail.py,db.netkeiba.com,/horse/2023107283/,200,0.45,1,
2026-09-02 15:21:49,fetch_detail.py,db.netkeiba.com,/horse/2023104063/,200,0.49,1,
2026-09-02 15:21:55,fetch_detail.py,db.netkeiba.com,/horse/2023106963/,200,0.44,1,
2026-09-02 15:22:01,fetch_detail.py,db.netkeiba.com,/horse/2023105378/,200,0.38,1,
2026-09-02 15:22:06,fetch_detail.py,db.netkeiba.com,/horse/2023105286/,200,0.43,1,
2026-09-02 15:22:13,fetch_detail.py,db.netkeiba.com,/horse/2023103170/,200,0.4,1,
2026-09-02 15:22:19,fetch_detail.py,db.netkeiba.com,/horse/2023107068/,200,0.39,1,
2026-09-02 15:22:24,fetch_detail.py,db.netkeiba.com,/horse/2023105643/,200,0.46,1,
2026-09-02 15:22:31,fetch_detail.py,db.netkeiba.com,/horse/2023105801/,200,0.48,1,
2026-09-02 15:22:37,fetch_detail.py,db.netkeiba.com,/horse/2023100177/,200,0.48,1,
2026-09-02 15:22:45,fetch_detail.py,db.netkeiba.com,/horse/2023105372/,200,0.48,1,
2026-09-02 15:22:51,fetch_detail.py,db.netkeiba.com,/horse/2023107114/,200,0.36,1,
2026-09-02 15:22:59,fetch_detail.py,db.netkeiba.com,/horse/2023103437/,200,0.49,1,
2026-09-02 15:23:06,fetch_detail.py,db.netkeiba.com,/horse/2023100603/,200,0.41,1,
2026-09-02 15:23:11,fetch_detail.py,db.netkeiba.com,/horse/2023103461/,200,0.49,1,
2026-09-02 15:23:17,fetch_detail.py,db.netkeiba.com,/horse/2023105358/,200,0.37,1,
2026-09-02 15:23:23,fetch_detail.py,db.netkeiba.com,/horse/2023105375/,200,0.42,1,
2026-09-02 15:23:29,fetch_detail.py,db.netkeiba.com,/horse/2023104885/,200,0.48,1,
2026-09-02 15:23:37,fetch_detail.py,db.netkeiba.com,/horse/2023103757/,200,0.37,1,
2026-09-02 15:23:44,fetch_detail.py,db.netkeiba.com,/horse/2023105300/,200,0.47,1,
2026-09-02 15:23:51,fetch_detail.py,db.netkeiba.com,/horse/2023100938/,200,0.41,1,
2026-09-02 15:23:58,fetch_detail.py,db.netkeiba.com,/horse/2023107229/,200,0.45,1,
2026-09-02 15:24:04,fetch_detail.py,db.netkeiba.com,/horse/2023104406/,200,0.45,1,
2026-09-02 15:24:11,fetch_detail.py,db.netkeiba.com,/horse/2023103462/,200,0.43,1,
2026-09-02 15:24:17,fetch_detail.py,db.netkeiba.com,/horse/2023103695/,200,0.5,1,
2026-09-02 15:24:24,fetch_detail.py,db.netkeiba.com,/horse/2023103457/,200,0.45,1,
2026-09-02 15:24:30,fetch_detail.py,db.netkeiba.com,/horse/2023104399/,200,0.43,1,
2026-09-02 15:24:38,fetch_detail.py,db.netkeiba.com,/horse/2023100913/,200,0.52,1,
2026-09-02 15:24:44,fetch_detail.py,db.netkeiba.com,/horse/2023105335/,200,0.48,1,
2026-09-02 15:24:51,fetch_detail.py,db.netkeiba.com,/horse/2023104387/,200,0.71,1,
2026-09-02 15:24:57,fetch_detail.py,db.netkeiba.com,/horse/2023100627/,200,0.43,1,
2026-09-02 15:25:04,fetch_detail.py,db.netkeiba.com,/horse/2023104418/,200,0.44,1,
2026-09-02 15:25:10,fetch_detail.py,db.netkeiba.com,/horse/2023105296/,200,0.48,1,
2026-09-02 15:25:17,fetch_detail.py,db.netkeiba.com,/horse/2023105789/,200,0.44,1,
2026-09-02 15:25:24,fetch_detail.py,db.netkeiba.com,/horse/2023105383/,200,0.55,1,
2026-09-02 15:25:31,fetch_detail.py,db.netkeiba.com,/horse/2023104690/,200,0.4,1,
2026-09-02 15:25:38,fetch_detail.py,db.netkeiba.com,/horse/2023102916/,200,0.49,1,
2026-09-02 15:25:45,fetch_detail.py,db.netkeiba.com,/horse/2023106716/,200,0.41,1,
2026-09-02 15:25:51,fetch_detail.py,db.netkeiba.com,/horse/2023107278/,200,0.46,1,
2026-09-02 15:25:59,fetch_detail.py,db.netkeiba.com,/horse/2023107238/,200,0.5,1,
2026-09-02 15:26:04,fetch_detail.py,db.netkeiba.com,/horse/2023102906/,200,0.45,1,
2026-09-02 15:26:11,fetch_detail.py,db.netkeiba.com,/horse/2023107004/,200,0.39,1,
2026-09-02 15:26:16,fetch_detail.py,db.netkeiba.com,/horse/2023106188/,200,0.47,1,
2026-09-02 15:26:23,fetch_detail.py,db.netkeiba.com,/horse/2023106148/,200,0.49,1,
2026-09-02 15:26:30,fetch_detail.py,db.netkeiba.com,/horse/2023100069/,200,0.52,1,
2026-09-02 15:26:36,fetch_detail.py,db.netkeiba.com,/horse/2023104552/,200,0.53,1,
2026-09-02 15:26:42,fetch_detail.py,db.netkeiba.com,/horse/2023104374/,200,0.43,1,
2026-09-02 15:26:49,fetch_detail.py,db.netkeiba.com,/horse/2023104380/,200,0.5,1,
2026-09-02 15:26:55,fetch_detail.py,db.netkeiba.com,/horse/2023106281/,200,0.52,1,
2026-09-02 15:27:03,fetch_detail.py,db.netkeiba.com,/horse/2023102808/,200,0.48,1,
2026-09-02 15:27:08,fetch_detail.py,db.netkeiba.com,/horse/2023104389/,200,0.48,1,
2026-09-02 15:27:16,fetch_detail.py,db.netkeiba.com,/horse/2023102172/,200,0.39,1,
2026-09-02 15:27:23,fetch_detail.py,db.netkeiba.com,/horse/2023105349/,200,0.43,1,
2026-09-02 15:27:30,fetch_detail.py,db.netkeiba.com,/horse/2023105593/,200,0.43,1,
2026-09-02 15:27:38,fetch_detail.py,db.netkeiba.com,/horse/2023107248/,200,0.47,1,
2026-09-02 15:27:44,fetch_detail.py,db.netkeiba.com,/horse/2023105371/,200,0.42,1,
2026-09-02 15:27:51,fetch_detail.py,db.netkeiba.com,/horse/2023106285/,200,0.43,1,
2026-09-02 15:27:58,fetch_detail.py,db.netkeiba.com,/horse/2023103531/,200,0.45,1,
2026-09-02 15:28:05,fetch_detail.py,db.netkeiba.com,/horse/2023100497/,200,0.44,1,
2026-09-02 15:28:12,fetch_detail.py,db.netkeiba.com,/horse/2023100804/,200,0.41,1,
2026-09-02 15:28:18,fetch_detail.py,db.netkeiba.com,/horse/2023105898/,200,0.42,1,
2026-09-02 15:28:24,fetch_detail.py,db.netkeiba.com,/horse/2023101702/,200,0.72,1,
2026-09-02 15:28:30,fetch_detail.py,db.netkeiba.com,/horse/2023104402/,200,0.74,1,
2026-09-02 15:28:36,fetch_detail.py,db.netkeiba.com,/horse/2023100732/,200,0.4,1,
2026-09-02 15:28:43,fetch_detail.py,db.netkeiba.com,/horse/2023100718/,200,0.45,1,
2026-09-02 15:28:49,fetch_detail.py,db.netkeiba.com,/horse/2023103075/,200,0.36,1,
2026-09-02 15:28:54,fetch_detail.py,db.netkeiba.com,/horse/2023103372/,200,0.43,1,
2026-09-02 15:29:01,fetch_detail.py,db.netkeiba.com,/horse/2023102088/,200,0.4,1,
2026-09-02 15:29:07,fetch_detail.py,db.netkeiba.com,/horse/2023103580/,200,0.71,1,
2026-09-02 15:29:13,fetch_detail.py,db.netkeiba.com,/horse/2023104405/,200,0.36,1,
2026-09-02 15:29:19,fetch_detail.py,db.netkeiba.com,/horse/2023101575/,200,0.41,1,
2026-09-02 15:29:25,fetch_detail.py,db.netkeiba.com,/horse/2023107164/,200,0.38,1,
2026-09-02 15:29:30,fetch_detail.py,db.netkeiba.com,/horse/2023107039/,200,0.47,1,
2026-09-02 15:29:37,fetch_detail.py,db.netkeiba.com,/horse/2023105216/,200,0.42,1,
2026-09-02 15:29:44,fetch_detail.py,db.netkeiba.com,/horse/2023102954/,200,0.48,1,
2026-09-02 15:29:51,fetch_detail.py,db.netkeiba.com,/horse/2023106795/,200,0.42,1,
2026-09-02 15:29:57,fetch_detail.py,db.netkeiba.com,/horse/2023103427/,200,0.61,1,
2026-09-02 15:30:04,fetch_detail.py,db.netkeiba.com,/horse/2023107105/,200,0.44,1,
2026-09-02 15:30:11,fetch_detail.py,db.netkeiba.com,/horse/2023103386/,200,0.38,1,
2026-09-02 15:30:17,fetch_detail.py,db.netkeiba.com,/horse/2023107297/,200,0.4,1,
2026-09-02 15:30:23,fetch_detail.py,db.netkeiba.com,/horse/2023104401/,200,0.39,1,
2026-09-02 15:30:30,fetch_detail.py,db.netkeiba.com,/horse/2023100107/,200,0.44,1,
2026-09-02 15:30:36,fetch_detail.py,db.netkeiba.com,/horse/2023106615/,200,0.5,1,
2026-09-02 15:30:42,fetch_detail.py,db.netkeiba.com,/horse/2023107341/,200,0.45,1,
2026-09-02 15:30:48,fetch_detail.py,db.netkeiba.com,/horse/2023107227/,200,0.36,1,
2026-09-02 15:30:55,fetch_detail.py,db.netkeiba.com,/horse/2023106617/,200,0.48,1,
2026-09-02 15:31:01,fetch_detail.py,db.netkeiba.com,/horse/2023106625/,200,0.41,1,
2026-09-02 15:31:07,fetch_detail.py,db.netkeiba.com,/horse/2023104600/,200,0.47,1,
2026-09-02 15:31:14,fetch_detail.py,db.netkeiba.com,/horse/2023103516/,200,0.38,1,
2026-09-02 15:31:21,fetch_detail.py,db.netkeiba.com,/horse/2023105793/,200,0.47,1,
2026-09-02 15:31:28,fetch_detail.py,db.netkeiba.com,/horse/2023104327/,200,0.47,1,
2026-09-02 15:31:35,fetch_detail.py,db.netkeiba.com,/horse/2023100972/,200,0.47,1,
2026-09-02 15:31:42,fetch_detail.py,db.netkeiba.com,/horse/2023103402/,200,0.48,1,
2026-09-02 15:31:49,fetch_detail.py,db.netkeiba.com,/horse/2023103903/,200,0.46,1,
2026-09-02 15:31:56,fetch_detail.py,db.netkeiba.com,/horse/2024106121/,200,0.37,1,
2026-09-02 15:32:04,fetch_detail.py,db.netkeiba.com,/horse/2024100428/,200,0.44,1,
2026-09-02 15:32:11,fetch_detail.py,db.netkeiba.com,/horse/2024106601/,200,0.46,1,
2026-09-02 15:32:17,fetch_detail.py,db.netkeiba.com,/horse/2024106612/,200,0.49,1,
2026-09-02 15:32:23,fetch_detail.py,db.netkeiba.com,/horse/2024106508/,200,0.43,1,
2026-09-02 15:32:28,fetch_detail.py,db.netkeiba.com,/horse/2024101781/,200,0.44,1,
2026-09-02 15:32:35,fetch_detail.py,db.netkeiba.com,/horse/2024104585/,200,0.5,1,
2026-09-02 15:32:43,fetch_detail.py,db.netkeiba.com,/horse/2024106970/,200,0.48,1,
2026-09-02 15:32:50,fetch_detail.py,db.netkeiba.com,/horse/2024106928/,200,0.45,1,
2026-09-02 15:32:57,fetch_detail.py,db.netkeiba.com,/horse/2024106927/,200,0.48,1,
2026-09-02 15:33:04,fetch_detail.py,db.netkeiba.com,/horse/2024106181/,200,0.46,1,
2026-09-02 15:33:10,fetch_detail.py,db.netkeiba.com,/horse/2024105493/,200,0.43,1,
2026-09-02 15:33:17,fetch_detail.py,db.netkeiba.com,/horse/2024106354/,200,0.48,1,
2026-09-02 15:33:23,fetch_detail.py,db.netkeiba.com,/horse/2024101927/,200,0.45,1,
2026-09-02 15:33:29,fetch_detail.py,db.netkeiba.com,/horse/2024101734/,200,0.47,1,
2026-09-02 15:33:36,fetch_detail.py,db.netkeiba.com,/horse/2024102338/,200,0.47,1,
2026-09-02 15:33:43,fetch_detail.py,db.netkeiba.com,/horse/2024106395/,200,0.45,1,
2026-09-02 15:33:50,fetch_detail.py,db.netkeiba.com,/horse/2024100037/,200,0.5,1,
2026-09-02 15:33:56,fetch_detail.py,db.netkeiba.com,/horse/2024100731/,200,0.5,1,
2026-09-02 15:34:01,fetch_detail.py,db.netkeiba.com,/horse/2024106605/,200,0.53,1,
2026-09-02 15:34:08,fetch_detail.py,db.netkeiba.com,/horse/2024103472/,200,0.5,1,
2026-09-02 15:34:14,fetch_detail.py,db.netkeiba.com,/horse/2024103456/,200,0.4,1,
2026-09-02 15:34:20,fetch_detail.py,db.netkeiba.com,/horse/2024100046/,200,0.42,1,
2026-09-02 15:34:26,fetch_detail.py,db.netkeiba.com,/horse/2024101771/,200,0.64,1,
2026-09-02 15:34:31,fetch_detail.py,db.netkeiba.com,/horse/2024106186/,200,0.4,1,
2026-09-02 15:34:37,fetch_detail.py,db.netkeiba.com,/horse/2024102310/,200,0.36,1,
2026-09-02 15:34:44,fetch_detail.py,db.netkeiba.com,/horse/2024104340/,200,0.86,1,
2026-09-02 15:34:50,fetch_detail.py,db.netkeiba.com,/horse/2024105812/,200,0.78,1,
2026-09-02 15:34:56,fetch_detail.py,db.netkeiba.com,/horse/2024105835/,200,0.78,1,
2026-09-02 15:35:03,fetch_detail.py,db.netkeiba.com,/horse/2024103457/,200,0.78,1,
2026-09-02 15:35:09,fetch_detail.py,db.netkeiba.com,/horse/2024104451/,200,0.73,1,
2026-09-02 15:35:15,fetch_detail.py,db.netkeiba.com,/horse/2024103466/,200,0.73,1,
2026-09-02 15:35:21,fetch_detail.py,db.netkeiba.com,/horse/2024105116/,200,0.77,1,
2026-09-02 15:35:27,fetch_detail.py,db.netkeiba.com,/horse/2024107196/,200,0.83,1,
2026-09-02 15:35:34,fetch_detail.py,db.netkeiba.com,/horse/2024102356/,200,0.79,1,
2026-09-02 15:35:40,fetch_detail.py,db.netkeiba.com,/horse/2024105856/,200,0.78,1,
2026-09-02 15:35:47,fetch_detail.py,db.netkeiba.com,/horse/2024100031/,200,0.73,1,
2026-09-02 15:35:53,fetch_detail.py,db.netkeiba.com,/horse/2024106565/,200,0.69,1,
2026-09-02 15:36:00,fetch_detail.py,db.netkeiba.com,/horse/2024100444/,200,0.78,1,
2026-09-02 15:36:07,fetch_detail.py,db.netkeiba.com,/horse/2024104348/,200,0.79,1,
2026-09-02 15:36:13,fetch_detail.py,db.netkeiba.com,/horse/2024103441/,200,0.8,1,
2026-09-02 15:36:19,fetch_detail.py,db.netkeiba.com,/horse/2024107155/,200,0.75,1,
2026-09-02 15:36:25,fetch_detail.py,db.netkeiba.com,/horse/2024105911/,200,0.74,1,
2026-09-02 15:36:31,fetch_detail.py,db.netkeiba.com,/horse/2024105108/,200,0.8,1,
2026-09-02 15:36:37,fetch_detail.py,db.netkeiba.com,/horse/2024104953/,200,0.73,1,
2026-09-02 15:36:44,fetch_detail.py,db.netkeiba.com,/horse/2024106192/,200,0.75,1,
2026-09-02 15:36:50,fetch_detail.py,db.netkeiba.com,/horse/2024105431/,200,0.84,1,
2026-09-02 15:36:56,fetch_detail.py,db.netkeiba.com,/horse/2024100022/,200,0.75,1,
2026-09-02 15:37:04,fetch_detail.py,db.netkeiba.com,/horse/2024100424/,200,0.79,1,
2026-09-02 15:37:12,fetch_detail.py,db.netkeiba.com,/horse/2024105878/,200,0.74,1,
2026-09-02 15:37:18,fetch_detail.py,db.netkeiba.com,/horse/2024101308/,200,0.81,1,
2026-09-02 15:37:25,fetch_detail.py,db.netkeiba.com,/horse/2024103470/,200,0.87,1,
2026-09-02 15:37:32,fetch_detail.py,db.netkeiba.com,/horse/2024106663/,200,0.74,1,
2026-09-02 15:37:38,fetch_detail.py,db.netkeiba.com,/horse/2024101991/,200,0.85,1,
2026-09-02 15:37:46,fetch_detail.py,db.netkeiba.com,/horse/2024105964/,200,0.84,1,
2026-09-02 15:37:52,fetch_detail.py,db.netkeiba.com,/horse/2024106558/,200,0.46,1,
2026-09-02 15:37:59,fetch_detail.py,db.netkeiba.com,/horse/2024102521/,200,0.4,1,
2026-09-02 15:38:07,fetch_detail.py,db.netkeiba.com,/horse/2024100992/,200,0.47,1,
2026-09-02 15:38:12,fetch_detail.py,db.netkeiba.com,/horse/2024101690/,200,0.44,1,
2026-09-02 15:38:19,fetch_detail.py,db.netkeiba.com,/horse/2024100017/,200,0.45,1,
2026-09-02 15:38:27,fetch_detail.py,db.netkeiba.com,/horse/2024101975/,200,0.46,1,
2026-09-02 15:38:33,fetch_detail.py,db.netkeiba.com,/horse/2024103476/,200,0.39,1,
2026-09-02 15:38:39,fetch_detail.py,db.netkeiba.com,/horse/2024101203/,200,0.38,1,
2026-09-02 15:38:45,fetch_detail.py,db.netkeiba.com,/horse/2024106615/,200,0.37,1,
2026-09-02 15:38:51,fetch_detail.py,db.netkeiba.com,/horse/2024103447/,200,0.44,1,
2026-09-02 15:38:57,fetch_detail.py,db.netkeiba.com,/horse/2024104576/,200,0.76,1,
2026-09-02 15:39:06,fetch_detail.py,db.netkeiba.com,/horse/2024103463/,200,1.44,1,
2026-09-02 15:39:13,fetch_detail.py,db.netkeiba.com,/horse/2024106874/,200,1.72,1,
2026-09-02 15:39:21,fetch_detail.py,db.netkeiba.com,/horse/2024104321/,200,1.55,1,
2026-09-02 15:39:30,fetch_detail.py,db.netkeiba.com,/horse/2024102231/,200,2.14,1,
2026-09-02 15:39:38,fetch_detail.py,db.netkeiba.com,/horse/2024105869/,200,1.68,1,
2026-09-02 15:39:45,fetch_detail.py,db.netkeiba.com,/horse/2024102271/,200,1.17,1,
2026-09-02 15:39:54,fetch_detail.py,db.netkeiba.com,/horse/2024106453/,200,2.75,1,
2026-09-02 15:40:01,fetch_detail.py,db.netkeiba.com,/horse/2024105118/,200,0.52,1,
2026-09-02 15:40:06,fetch_detail.py,db.netkeiba.com,/horse/2024105153/,200,0.44,1,
2026-09-02 15:40:12,fetch_detail.py,db.netkeiba.com,/horse/2024102941/,200,0.38,1,
2026-09-02 15:40:18,fetch_detail.py,db.netkeiba.com,/horse/2024106219/,200,0.48,1,
2026-09-02 15:40:24,fetch_detail.py,db.netkeiba.com,/horse/2024106649/,200,0.41,1,
2026-09-02 15:40:30,fetch_detail.py,db.netkeiba.com,/horse/2024101078/,200,0.37,1,
2026-09-02 15:40:37,fetch_detail.py,db.netkeiba.com,/horse/2024105979/,200,0.41,1,
2026-09-02 15:40:42,fetch_detail.py,db.netkeiba.com,/horse/2024105292/,200,0.51,1,
2026-09-02 15:40:49,fetch_detail.py,db.netkeiba.com,/horse/2024107306/,200,0.5,1,
2026-09-02 15:40:55,fetch_detail.py,db.netkeiba.com,/horse/2024103474/,200,0.39,1,
2026-09-02 15:41:02,fetch_detail.py,db.netkeiba.com,/horse/2024105776/,200,0.52,1,
2026-09-02 15:41:08,fetch_detail.py,db.netkeiba.com,/horse/2024100172/,200,0.39,1,
2026-09-02 15:41:15,fetch_detail.py,db.netkeiba.com,/horse/2024109090/,200,0.43,1,
2026-09-02 15:41:22,fetch_detail.py,db.netkeiba.com,/horse/2024101865/,200,0.49,1,
2026-09-02 15:41:29,fetch_detail.py,db.netkeiba.com,/horse/2024106170/,200,0.45,1,
2026-09-02 15:41:37,fetch_detail.py,db.netkeiba.com,/horse/2024103334/,200,0.43,1,
2026-09-02 15:41:43,fetch_detail.py,db.netkeiba.com,/horse/2024102884/,200,0.45,1,
2026-09-02 15:41:49,fetch_detail.py,db.netkeiba.com,/horse/2024101150/,200,0.4,1,
2026-09-02 15:41:55,fetch_detail.py,db.netkeiba.com,/horse/2024103486/,200,0.38,1,
2026-09-02 15:42:01,fetch_detail.py,db.netkeiba.com,/horse/2024106057/,200,0.44,1,
2026-09-02 15:42:07,fetch_detail.py,db.netkeiba.com,/horse/2024106308/,200,0.8,1,
2026-09-02 15:42:12,fetch_detail.py,db.netkeiba.com,/horse/2024106242/,200,0.77,1,
2026-09-02 15:42:19,fetch_detail.py,db.netkeiba.com,/horse/2024103485/,200,0.7,1,
2026-09-02 15:42:27,fetch_detail.py,db.netkeiba.com,/horse/2024107219/,200,0.8,1,
2026-09-02 15:42:34,fetch_detail.py,db.netkeiba.com,/horse/2024106547/,200,0.78,1,
2026-09-02 15:42:42,fetch_detail.py,db.netkeiba.com,/horse/2024106633/,200,0.82,1,
2026-09-02 15:42:49,fetch_detail.py,db.netkeiba.com,/horse/2024102312/,200,0.72,1,
2026-09-02 15:42:56,fetch_detail.py,db.netkeiba.com,/horse/2024100732/,200,0.71,1,
2026-09-02 15:43:03,fetch_detail.py,db.netkeiba.com,/horse/2024101981/,200,0.78,1,
2026-09-02 15:43:10,fetch_detail.py,db.netkeiba.com,/horse/2024105897/,200,0.49,1,
2026-09-02 15:43:16,fetch_detail.py,db.netkeiba.com,/horse/2024105385/,200,0.39,1,
2026-09-02 15:43:23,fetch_detail.py,db.netkeiba.com,/horse/2024106441/,200,0.52,1,
2026-09-02 15:43:29,fetch_detail.py,db.netkeiba.com,/horse/2024105156/,200,0.38,1,
2026-09-02 15:43:36,fetch_detail.py,db.netkeiba.com,/horse/2024105931/,200,0.41,1,
2026-09-02 15:43:42,fetch_detail.py,db.netkeiba.com,/horse/2024103445/,200,0.5,1,
2026-09-02 15:43:50,fetch_detail.py,db.netkeiba.com,/horse/2024101934/,200,0.43,1,
2026-09-02 15:43:55,fetch_detail.py,db.netkeiba.com,/horse/2024104867/,200,0.47,1,
2026-09-02 15:44:01,fetch_detail.py,db.netkeiba.com,/horse/2024106334/,200,0.4,1,
2026-09-02 15:44:06,fetch_detail.py,db.netkeiba.com,/horse/2024102885/,200,0.39,1,
2026-09-02 15:44:13,fetch_detail.py,db.netkeiba.com,/horse/2024104231/,200,0.47,1,
2026-09-02 15:44:19,fetch_detail.py,db.netkeiba.com,/horse/2024103011/,200,0.44,1,
2026-09-02 15:44:25,fetch_detail.py,db.netkeiba.com,/horse/2024106036/,200,0.45,1,
2026-09-02 15:44:33,fetch_detail.py,db.netkeiba.com,/horse/2024105273/,200,0.43,1,
2026-09-02 15:44:38,fetch_detail.py,db.netkeiba.com,/horse/2024106926/,200,0.6,1,
2026-09-02 15:44:46,fetch_detail.py,db.netkeiba.com,/horse/2024104299/,200,0.47,1,
2026-09-02 15:44:53,fetch_detail.py,db.netkeiba.com,/horse/2024100726/,200,0.48,1,
2026-09-02 15:45:00,fetch_detail.py,db.netkeiba.com,/horse/2024101967/,200,0.56,1,
2026-09-02 15:45:07,fetch_detail.py,db.netkeiba.com,/horse/2024104452/,200,0.46,1,
2026-09-02 15:45:13,fetch_detail.py,db.netkeiba.com,/horse/2024103454/,200,0.47,1,
2026-09-02 15:45:19,fetch_detail.py,db.netkeiba.com,/horse/2024100763/,200,0.39,1,
2026-09-02 15:45:24,fetch_detail.py,db.netkeiba.com,/horse/2024105755/,200,0.41,1,
2026-09-02 15:45:31,fetch_detail.py,db.netkeiba.com,/horse/2024102217/,200,0.43,1,
2026-09-02 15:45:37,fetch_detail.py,db.netkeiba.com,/horse/2024105381/,200,0.4,1,
2026-09-02 15:45:44,fetch_detail.py,db.netkeiba.com,/horse/2024100111/,200,0.6,1,
2026-09-02 15:45:50,fetch_detail.py,db.netkeiba.com,/horse/2024103902/,200,0.7,1,
2026-09-02 15:45:56,fetch_detail.py,db.netkeiba.com,/horse/2024105824/,200,0.5,1,
2026-09-02 15:46:03,fetch_detail.py,db.netkeiba.com,/horse/2024107175/,200,0.49,1,
2026-09-02 15:46:09,fetch_detail.py,db.netkeiba.com,/horse/2024101400/,200,0.47,1,
2026-09-02 15:46:15,fetch_detail.py,db.netkeiba.com,/horse/2024103469/,200,0.6,1,
2026-09-02 15:46:22,fetch_detail.py,db.netkeiba.com,/horse/2024106355/,200,0.42,1,
2026-09-02 15:46:29,fetch_detail.py,db.netkeiba.com,/horse/2024103244/,200,0.47,1,
2026-09-02 15:46:37,fetch_detail.py,db.netkeiba.com,/horse/2024107236/,200,0.38,1,
2026-09-02 15:46:42,fetch_detail.py,db.netkeiba.com,/horse/2024103490/,200,0.48,1,
2026-09-02 15:46:49,fetch_detail.py,db.netkeiba.com,/horse/2024105256/,200,0.37,1,
2026-09-02 15:46:56,fetch_detail.py,db.netkeiba.com,/horse/2024106172/,200,0.48,1,
2026-09-02 15:47:04,fetch_detail.py,db.netkeiba.com,/horse/2024106212/,200,0.4,1,
2026-09-02 15:47:10,fetch_detail.py,db.netkeiba.com,/horse/2024101228/,200,0.37,1,
2026-09-02 15:47:16,fetch_detail.py,db.netkeiba.com,/horse/2024104574/,200,0.47,1,
2026-09-02 15:47:23,fetch_detail.py,db.netkeiba.com,/horse/2024102218/,200,0.42,1,
2026-09-02 15:47:29,fetch_detail.py,db.netkeiba.com,/horse/2024103444/,200,0.43,1,
2026-09-02 15:47:35,fetch_detail.py,db.netkeiba.com,/horse/2024102476/,200,0.42,1,
2026-09-02 15:47:42,fetch_detail.py,db.netkeiba.com,/horse/2024102481/,200,0.48,1,
2026-09-02 15:47:48,fetch_detail.py,db.netkeiba.com,/horse/2024100457/,200,0.41,1,
2026-09-02 16:00:32,probe_parse_detail.py,db.netkeiba.com,/horse/2023100804/,200,0.56,1,
2026-09-02 16:09:34,-c,db.netkeiba.com,/horse/list.html,200,1.15,1,
2026-09-02 16:11:49,fetch_nk_id.py,db.netkeiba.com,/horse/list.html,200,2.6,1,
2026-09-02 16:12:01,fetch_nk_id.py,db.netkeiba.com,/horse/list.html,200,6.08,1,
2026-09-02 16:12:07,fetch_nk_id.py,db.netkeiba.com,/horse/list.html,200,1.44,1,
2026-09-02 16:12:14,fetch_nk_id.py,db.netkeiba.com,/horse/list.html,200,1.04,1,
2026-09-02 16:34:23,fetch_nk_id.py,db.netkeiba.com,/horse/list.html,200,0.73,1,
2026-09-02 16:34:31,fetch_nk_id.py,db.netkeiba.com,/horse/list.html,200,0.56,1,
2026-09-02 16:34:37,fetch_nk_id.py,db.netkeiba.com,/horse/list.html,200,0.54,1,
2026-09-02 16:34:44,fetch_nk_id.py,db.netkeiba.com,/horse/list.html,200,0.52,1,
2026-09-02 16:37:34,fetch_nk_id.py,db.netkeiba.com,/horse/list.html,200,0.6,1,
2026-09-02 16:37:42,fetch_nk_id.py,db.netkeiba.com,/horse/list.html,200,0.48,1,
2026-09-02 16:37:48,fetch_nk_id.py,db.netkeiba.com,/horse/list.html,200,0.54,1,
2026-09-02 16:37:55,fetch_nk_id.py,db.netkeiba.com,/horse/list.html,200,0.49,1,
2026-09-02 16:39:22,fetch_nk_id.py,db.netkeiba.com,/horse/list.html,200,0.53,1,
2026-09-02 16:39:30,fetch_nk_id.py,db.netkeiba.com,/horse/list.html,200,0.55,1,
2026-09-02 16:39:37,fetch_nk_id.py,db.netkeiba.com,/horse/list.html,200,0.56,1,
2026-09-02 16:39:45,fetch_nk_id.py,db.netkeiba.com,/horse/list.html,200,0.55,1,
2026-09-02 16:39:51,fetch_detail.py,db.netkeiba.com,/horse/2023106068/,200,0.43,1,
2026-09-02 16:39:58,fetch_detail.py,db.netkeiba.com,/horse/2023103676/,200,0.57,1,
2026-09-02 16:40:04,fetch_detail.py,db.netkeiba.com,/horse/2023105237/,200,0.44,1,
2026-09-02 16:40:11,fetch_detail.py,db.netkeiba.com,/horse/2023100472/,200,0.46,1,
2026-09-02 16:40:17,fetch_detail.py,db.netkeiba.com,/horse/2023104056/,200,0.4,1,
2026-09-02 16:40:25,fetch_detail.py,db.netkeiba.com,/horse/2023104857/,200,0.4,1,
2026-09-02 16:40:31,fetch_detail.py,db.netkeiba.com,/horse/2023104926/,200,0.38,1,
2026-09-02 16:40:39,fetch_detail.py,db.netkeiba.com,/horse/2023106187/,200,0.47,1,
2026-09-02 16:40:46,fetch_detail.py,db.netkeiba.com,/horse/2023105014/,200,0.53,1,
2026-09-02 16:40:52,fetch_detail.py,db.netkeiba.com,/horse/2023106902/,200,0.49,1,
2026-09-02 16:40:58,fetch_detail.py,db.netkeiba.com,/horse/2023103417/,200,0.37,1,
2026-09-02 16:41:05,fetch_detail.py,db.netkeiba.com,/horse/2023107359/,200,0.45,1,
2026-09-02 16:41:11,fetch_detail.py,db.netkeiba.com,/horse/2023100918/,200,0.49,1,
2026-09-02 16:41:18,fetch_detail.py,db.netkeiba.com,/horse/2023103081/,200,0.45,1,
2026-09-02 16:41:24,fetch_detail.py,db.netkeiba.com,/horse/2023106893/,200,0.47,1,
2026-09-02 16:41:31,fetch_detail.py,db.netkeiba.com,/horse/2023103199/,200,0.54,1,
2026-09-02 16:41:37,fetch_detail.py,db.netkeiba.com,/horse/2023106843/,200,0.44,1,
2026-09-02 16:41:44,fetch_detail.py,db.netkeiba.com,/horse/2023106910/,200,0.4,1,
2026-09-02 16:41:51,fetch_detail.py,db.netkeiba.com,/horse/2023105385/,200,0.38,1,
2026-09-02 16:41:56,fetch_detail.py,db.netkeiba.com,/horse/2023107403/,200,0.5,1,
2026-09-02 16:42:03,fetch_detail.py,db.netkeiba.com,/horse/2023103287/,200,0.58,1,
2026-09-02 16:42:09,fetch_detail.py,db.netkeiba.com,/horse/2023103370/,200,0.48,1,
2026-09-02 16:42:16,fetch_detail.py,db.netkeiba.com,/horse/2023103555/,200,0.43,1,
2026-09-02 16:42:23,fetch_detail.py,db.netkeiba.com,/horse/2023107048/,200,0.4,1,
2026-09-02 16:42:31,fetch_detail.py,db.netkeiba.com,/horse/2023103348/,200,0.38,1,
2026-09-02 16:42:38,fetch_detail.py,db.netkeiba.com,/horse/2023105404/,200,0.57,1,
2026-09-02 16:42:43,fetch_detail.py,db.netkeiba.com,/horse/2023104378/,200,0.48,1,
2026-09-02 16:42:50,fetch_detail.py,db.netkeiba.com,/horse/2023101050/,200,0.46,1,
2026-09-02 16:42:58,fetch_detail.py,db.netkeiba.com,/horse/2023105370/,200,0.43,1,
2026-09-02 16:43:05,fetch_detail.py,db.netkeiba.com,/horse/2023105004/,200,0.41,1,
2026-09-02 16:43:11,fetch_detail.py,db.netkeiba.com,/horse/2023104396/,200,0.47,1,
2026-09-02 16:43:17,fetch_detail.py,db.netkeiba.com,/horse/2023105064/,200,0.45,1,
2026-09-02 16:43:22,fetch_detail.py,db.netkeiba.com,/horse/2023105041/,200,0.38,1,
2026-09-02 16:43:28,fetch_detail.py,db.netkeiba.com,/horse/2023107094/,200,0.46,1,
2026-09-02 16:43:34,fetch_detail.py,db.netkeiba.com,/horse/2023105352/,200,0.42,1,
2026-09-02 16:43:41,fetch_detail.py,db.netkeiba.com,/horse/2023106084/,200,0.43,1,
2026-09-02 16:43:47,fetch_detail.py,db.netkeiba.com,/horse/2023107283/,200,0.46,1,
2026-09-02 16:43:54,fetch_detail.py,db.netkeiba.com,/horse/2023104063/,200,0.34,1,
2026-09-02 16:44:01,fetch_detail.py,db.netkeiba.com,/horse/2023106963/,200,0.47,1,
2026-09-02 16:44:07,fetch_detail.py,db.netkeiba.com,/horse/2023105378/,200,0.38,1,
2026-09-02 16:44:14,fetch_detail.py,db.netkeiba.com,/horse/2023105286/,200,0.46,1,
2026-09-02 16:44:20,fetch_detail.py,db.netkeiba.com,/horse/2023103170/,200,0.39,1,
2026-09-02 16:44:27,fetch_detail.py,db.netkeiba.com,/horse/2023107068/,200,0.44,1,
2026-09-02 16:44:32,fetch_detail.py,db.netkeiba.com,/horse/2023105643/,200,0.45,1,
2026-09-02 16:44:38,fetch_detail.py,db.netkeiba.com,/horse/2023105801/,200,0.46,1,
2026-09-02 16:44:45,fetch_detail.py,db.netkeiba.com,/horse/2023100177/,200,0.52,1,
2026-09-02 16:44:52,fetch_detail.py,db.netkeiba.com,/horse/2023105372/,200,0.44,1,
2026-09-02 16:44:58,fetch_detail.py,db.netkeiba.com,/horse/2023107114/,200,0.38,1,
2026-09-02 16:45:05,fetch_detail.py,db.netkeiba.com,/horse/2023103437/,200,0.57,1,
2026-09-02 16:45:12,fetch_detail.py,db.netkeiba.com,/horse/2023100603/,200,0.52,1,
2026-09-02 16:45:18,fetch_detail.py,db.netkeiba.com,/horse/2023103461/,200,0.51,1,
2026-09-02 16:45:23,fetch_detail.py,db.netkeiba.com,/horse/2023105358/,200,0.53,1,
2026-09-02 16:45:29,fetch_detail.py,db.netkeiba.com,/horse/2023105375/,200,0.5,1,
2026-09-02 16:45:35,fetch_detail.py,db.netkeiba.com,/horse/2023104885/,200,0.4,1,
2026-09-02 16:45:40,fetch_detail.py,db.netkeiba.com,/horse/2023103757/,200,0.42,1,
2026-09-02 16:45:48,fetch_detail.py,db.netkeiba.com,/horse/2023105300/,200,0.8,1,
2026-09-02 16:45:54,fetch_detail.py,db.netkeiba.com,/horse/2023100938/,200,1.09,1,
2026-09-02 16:46:01,fetch_detail.py,db.netkeiba.com,/horse/2023107229/,200,0.88,1,
2026-09-02 16:46:08,fetch_detail.py,db.netkeiba.com,/horse/2023104406/,200,0.72,1,
2026-09-02 16:46:15,fetch_detail.py,db.netkeiba.com,/horse/2023103462/,200,0.73,1,
2026-09-02 16:46:21,fetch_detail.py,db.netkeiba.com,/horse/2023103695/,200,0.74,1,
2026-09-02 16:46:29,fetch_detail.py,db.netkeiba.com,/horse/2023103457/,200,0.83,1,
2026-09-02 16:46:36,fetch_detail.py,db.netkeiba.com,/horse/2023104399/,200,0.7,1,
2026-09-02 16:46:42,fetch_detail.py,db.netkeiba.com,/horse/2023100913/,200,0.7,1,
2026-09-02 16:46:49,fetch_detail.py,db.netkeiba.com,/horse/2023105335/,200,0.42,1,
2026-09-02 16:46:56,fetch_detail.py,db.netkeiba.com,/horse/2023104387/,200,0.45,1,
2026-09-02 16:47:04,fetch_detail.py,db.netkeiba.com,/horse/2023100627/,200,0.53,1,
2026-09-02 16:47:10,fetch_detail.py,db.netkeiba.com,/horse/2023104418/,200,0.5,1,
2026-09-02 16:47:17,fetch_detail.py,db.netkeiba.com,/horse/2023105296/,200,0.47,1,
2026-09-02 16:47:24,fetch_detail.py,db.netkeiba.com,/horse/2023105789/,200,0.37,1,
2026-09-02 16:47:30,fetch_detail.py,db.netkeiba.com,/horse/2023105383/,200,0.4,1,
2026-09-02 16:47:37,fetch_detail.py,db.netkeiba.com,/horse/2023104690/,200,0.45,1,
2026-09-02 16:47:43,fetch_detail.py,db.netkeiba.com,/horse/2023102916/,200,0.46,1,
2026-09-02 16:47:50,fetch_detail.py,db.netkeiba.com,/horse/2023106716/,200,0.56,1,
2026-09-02 16:47:56,fetch_detail.py,db.netkeiba.com,/horse/2023107278/,200,0.41,1,
2026-09-02 16:48:03,fetch_detail.py,db.netkeiba.com,/horse/2023107238/,200,0.52,1,
2026-09-02 16:48:11,fetch_detail.py,db.netkeiba.com,/horse/2023102906/,200,0.44,1,
2026-09-02 16:48:17,fetch_detail.py,db.netkeiba.com,/horse/2023107004/,200,0.41,1,
2026-09-02 16:48:22,fetch_detail.py,db.netkeiba.com,/horse/2023106188/,200,0.42,1,
2026-09-02 16:48:29,fetch_detail.py,db.netkeiba.com,/horse/2023106148/,200,0.42,1,
2026-09-02 16:48:35,fetch_detail.py,db.netkeiba.com,/horse/2023100069/,200,0.46,1,
2026-09-02 16:48:42,fetch_detail.py,db.netkeiba.com,/horse/2023104552/,200,0.38,1,
2026-09-02 16:48:49,fetch_detail.py,db.netkeiba.com,/horse/2023104374/,200,0.45,1,
2026-09-02 16:48:55,fetch_detail.py,db.netkeiba.com,/horse/2023104380/,200,0.4,1,
2026-09-02 16:49:02,fetch_detail.py,db.netkeiba.com,/horse/2023106281/,200,0.35,1,
2026-09-02 16:49:08,fetch_detail.py,db.netkeiba.com,/horse/2023102808/,200,0.39,1,
2026-09-02 16:49:14,fetch_detail.py,db.netkeiba.com,/horse/2023104389/,200,0.42,1,
2026-09-02 16:49:21,fetch_detail.py,db.netkeiba.com,/horse/2023102172/,200,0.47,1,
2026-09-02 16:49:27,fetch_detail.py,db.netkeiba.com,/horse/2023105349/,200,0.44,1,
2026-09-02 16:49:34,fetch_detail.py,db.netkeiba.com,/horse/2023105593/,200,0.51,1,
2026-09-02 16:49:41,fetch_detail.py,db.netkeiba.com,/horse/2023107248/,200,0.42,1,
2026-09-02 16:49:47,fetch_detail.py,db.netkeiba.com,/horse/2023105371/,200,0.42,1,
2026-09-02 16:49:54,fetch_detail.py,db.netkeiba.com,/horse/2023106285/,200,0.43,1,
2026-09-02 16:50:01,fetch_detail.py,db.netkeiba.com,/horse/2023103531/,200,0.42,1,
2026-09-02 16:50:08,fetch_detail.py,db.netkeiba.com,/horse/2023100497/,200,0.59,1,
2026-09-02 16:50:14,fetch_detail.py,db.netkeiba.com,/horse/2023100804/,200,0.38,1,
2026-09-02 16:50:20,fetch_detail.py,db.netkeiba.com,/horse/2023105898/,200,0.35,1,
2026-09-02 16:50:27,fetch_detail.py,db.netkeiba.com,/horse/2023101702/,200,0.44,1,
2026-09-02 16:50:32,fetch_detail.py,db.netkeiba.com,/horse/2023104402/,200,0.4,1,
2026-09-02 16:50:39,fetch_detail.py,db.netkeiba.com,/horse/2023100732/,200,0.44,1,
2026-09-02 16:50:46,fetch_detail.py,db.netkeiba.com,/horse/2023100718/,200,0.39,1,
2026-09-02 16:50:53,fetch_detail.py,db.netkeiba.com,/horse/2023103075/,200,0.44,1,
2026-09-02 16:50:59,fetch_detail.py,db.netkeiba.com,/horse/2023103372/,200,0.48,1,
2026-09-02 16:51:06,fetch_detail.py,db.netkeiba.com,/horse/2023102088/,200,0.48,1,
2026-09-02 16:51:13,fetch_detail.py,db.netkeiba.com,/horse/2023103580/,200,0.43,1,
2026-09-02 16:51:20,fetch_detail.py,db.netkeiba.com,/horse/2023104405/,200,0.44,1,
2026-09-02 16:51:27,fetch_detail.py,db.netkeiba.com,/horse/2023101575/,200,0.38,1,
2026-09-02 16:51:34,fetch_detail.py,db.netkeiba.com,/horse/2023107164/,200,0.38,1,
2026-09-02 16:51:41,fetch_detail.py,db.netkeiba.com,/horse/2023107039/,200,0.4,1,
2026-09-02 16:51:47,fetch_detail.py,db.netkeiba.com,/horse/2023105216/,200,0.58,1,
2026-09-02 16:51:53,fetch_detail.py,db.netkeiba.com,/horse/2023102954/,200,0.53,1,
2026-09-02 16:52:00,fetch_detail.py,db.netkeiba.com,/horse/2023106795/,200,0.49,1,
2026-09-02 16:52:06,fetch_detail.py,db.netkeiba.com,/horse/2023103427/,200,0.5,1,
2026-09-02 16:52:12,fetch_detail.py,db.netkeiba.com,/horse/2023107105/,200,0.42,1,
2026-09-02 16:52:20,fetch_detail.py,db.netkeiba.com,/horse/2023103386/,200,0.71,1,
2026-09-02 16:52:27,fetch_detail.py,db.netkeiba.com,/horse/2023107297/,200,0.39,1,
2026-09-02 16:52:32,fetch_detail.py,db.netkeiba.com,/horse/2023104401/,200,0.48,1,
2026-09-02 16:52:38,fetch_detail.py,db.netkeiba.com,/horse/2023100107/,200,0.46,1,
2026-09-02 16:52:45,fetch_detail.py,db.netkeiba.com,/horse/2023106615/,200,0.36,1,
2026-09-02 16:52:51,fetch_detail.py,db.netkeiba.com,/horse/2023107341/,200,0.5,1,
2026-09-02 16:52:58,fetch_detail.py,db.netkeiba.com,/horse/2023107227/,200,0.45,1,
2026-09-02 16:53:05,fetch_detail.py,db.netkeiba.com,/horse/2023106617/,200,0.8,1,
2026-09-02 16:53:12,fetch_detail.py,db.netkeiba.com,/horse/2023106625/,200,0.74,1,
2026-09-02 16:53:20,fetch_detail.py,db.netkeiba.com,/horse/2023104600/,200,2.04,1,
2026-09-02 16:53:26,fetch_detail.py,db.netkeiba.com,/horse/2023103516/,200,0.72,1,
2026-09-02 16:53:33,fetch_detail.py,db.netkeiba.com,/horse/2023105793/,200,0.8,1,
2026-09-02 16:53:38,fetch_detail.py,db.netkeiba.com,/horse/2023104327/,200,0.73,1,
2026-09-02 16:53:44,fetch_detail.py,db.netkeiba.com,/horse/2023100972/,200,0.78,1,
2026-09-02 16:53:52,fetch_detail.py,db.netkeiba.com,/horse/2023103402/,200,0.76,1,
2026-09-02 16:54:00,fetch_detail.py,db.netkeiba.com,/horse/2023103903/,200,0.9,1,
2026-09-02 16:54:07,fetch_detail.py,db.netkeiba.com,/horse/2024106121/,200,0.51,1,
2026-09-02 16:54:14,fetch_detail.py,db.netkeiba.com,/horse/2024100428/,200,0.82,1,
2026-09-02 16:54:20,fetch_detail.py,db.netkeiba.com,/horse/2024106601/,200,0.46,1,
2026-09-02 16:54:26,fetch_detail.py,db.netkeiba.com,/horse/2024106612/,200,0.49,1,
2026-09-02 16:54:33,fetch_detail.py,db.netkeiba.com,/horse/2024106508/,200,0.45,1,
2026-09-02 16:54:39,fetch_detail.py,db.netkeiba.com,/horse/2024101781/,200,0.45,1,
2026-09-02 16:54:45,fetch_detail.py,db.netkeiba.com,/horse/2024104585/,200,0.5,1,
2026-09-02 16:54:51,fetch_detail.py,db.netkeiba.com,/horse/2024106970/,200,0.39,1,
2026-09-02 16:54:57,fetch_detail.py,db.netkeiba.com,/horse/2024106928/,200,0.48,1,
2026-09-02 16:55:04,fetch_detail.py,db.netkeiba.com,/horse/2024106927/,200,0.43,1,
2026-09-02 16:55:10,fetch_detail.py,db.netkeiba.com,/horse/2024106181/,200,0.46,1,
2026-09-02 16:55:15,fetch_detail.py,db.netkeiba.com,/horse/2024105493/,200,0.44,1,
2026-09-02 16:55:21,fetch_detail.py,db.netkeiba.com,/horse/2024106354/,200,0.45,1,
2026-09-02 16:55:28,fetch_detail.py,db.netkeiba.com,/horse/2024101927/,200,0.61,1,
2026-09-02 16:55:34,fetch_detail.py,db.netkeiba.com,/horse/2024101734/,200,0.48,1,
2026-09-02 16:55:39,fetch_detail.py,db.netkeiba.com,/horse/2024102338/,200,0.43,1,
2026-09-02 16:55:45,fetch_detail.py,db.netkeiba.com,/horse/2024106395/,200,0.35,1,
2026-09-02 16:55:52,fetch_detail.py,db.netkeiba.com,/horse/2024100037/,200,0.48,1,
2026-09-02 16:55:59,fetch_detail.py,db.netkeiba.com,/horse/2024100731/,200,0.41,1,
2026-09-02 16:56:06,fetch_detail.py,db.netkeiba.com,/horse/2024106605/,200,0.44,1,
2026-09-02 16:56:13,fetch_detail.py,db.netkeiba.com,/horse/2024103472/,200,0.45,1,
2026-09-02 16:56:20,fetch_detail.py,db.netkeiba.com,/horse/2024103456/,200,0.42,1,
2026-09-02 16:56:27,fetch_detail.py,db.netkeiba.com,/horse/2024100046/,200,0.47,1,
2026-09-02 16:56:34,fetch_detail.py,db.netkeiba.com,/horse/2024101771/,200,0.49,1,
2026-09-02 16:56:40,fetch_detail.py,db.netkeiba.com,/horse/2024106186/,200,0.46,1,
2026-09-02 16:56:45,fetch_detail.py,db.netkeiba.com,/horse/2024102310/,200,0.35,1,
2026-09-02 16:56:52,fetch_detail.py,db.netkeiba.com,/horse/2024104340/,200,0.42,1,
2026-09-02 16:56:58,fetch_detail.py,db.netkeiba.com,/horse/2024105812/,200,0.48,1,
2026-09-02 16:57:04,fetch_detail.py,db.netkeiba.com,/horse/2024105835/,200,0.48,1,
2026-09-02 16:57:11,fetch_detail.py,db.netkeiba.com,/horse/2024103457/,200,0.48,1,
2026-09-02 16:57:17,fetch_detail.py,db.netkeiba.com,/horse/2024104451/,200,0.54,1,
2026-09-02 16:57:23,fetch_detail.py,db.netkeiba.com,/horse/2024103466/,200,0.41,1,
2026-09-02 16:57:29,fetch_detail.py,db.netkeiba.com,/horse/2024105116/,200,0.56,1,
2026-09-02 16:57:35,fetch_detail.py,db.netkeiba.com,/horse/2024107196/,200,0.47,1,
2026-09-02 16:57:42,fetch_detail.py,db.netkeiba.com,/horse/2024102356/,200,0.46,1,
2026-09-02 16:57:48,fetch_detail.py,db.netkeiba.com,/horse/2024105856/,200,0.45,1,
2026-09-02 16:57:54,fetch_detail.py,db.netkeiba.com,/horse/2024100031/,200,0.44,1,
2026-09-02 16:58:01,fetch_detail.py,db.netkeiba.com,/horse/2024106565/,200,0.47,1,
2026-09-02 16:58:08,fetch_detail.py,db.netkeiba.com,/horse/2024100444/,200,0.46,1,
2026-09-02 16:58:14,fetch_detail.py,db.netkeiba.com,/horse/2024104348/,200,0.4,1,
2026-09-02 16:58:22,fetch_detail.py,db.netkeiba.com,/horse/2024103441/,200,0.43,1,
2026-09-02 16:58:29,fetch_detail.py,db.netkeiba.com,/horse/2024107155/,200,0.33,1,
2026-09-02 16:58:35,fetch_detail.py,db.netkeiba.com,/horse/2024105911/,200,0.39,1,
2026-09-02 16:58:43,fetch_detail.py,db.netkeiba.com,/horse/2024105108/,200,0.46,1,
2026-09-02 16:58:49,fetch_detail.py,db.netkeiba.com,/horse/2024104953/,200,0.48,1,
2026-09-02 16:58:56,fetch_detail.py,db.netkeiba.com,/horse/2024106192/,200,0.4,1,
2026-09-02 16:59:02,fetch_detail.py,db.netkeiba.com,/horse/2024105431/,200,0.44,1,
2026-09-02 16:59:08,fetch_detail.py,db.netkeiba.com,/horse/2024100022/,200,0.47,1,
2026-09-02 16:59:13,fetch_detail.py,db.netkeiba.com,/horse/2024100424/,200,0.39,1,
2026-09-02 16:59:20,fetch_detail.py,db.netkeiba.com,/horse/2024105878/,200,0.45,1,
2026-09-02 16:59:27,fetch_detail.py,db.netkeiba.com,/horse/2024101308/,200,0.8,1,
2026-09-02 16:59:34,fetch_detail.py,db.netkeiba.com,/horse/2024103470/,200,0.93,1,
2026-09-02 16:59:40,fetch_detail.py,db.netkeiba.com,/horse/2024106663/,200,0.72,1,
2026-09-02 16:59:48,fetch_detail.py,db.netkeiba.com,/horse/2024101991/,200,0.72,1,
2026-09-02 16:59:55,fetch_detail.py,db.netkeiba.com,/horse/2024105964/,200,0.93,1,
2026-09-02 17:00:03,fetch_detail.py,db.netkeiba.com,/horse/2024106558/,200,0.82,1,
2026-09-02 17:00:09,fetch_detail.py,db.netkeiba.com,/horse/2024102521/,200,1.27,1,
2026-09-02 17:00:15,fetch_detail.py,db.netkeiba.com,/horse/2024100992/,200,0.73,1,
2026-09-02 17:00:23,fetch_detail.py,db.netkeiba.com,/horse/2024101690/,200,0.84,1,
2026-09-02 17:00:30,fetch_detail.py,db.netkeiba.com,/horse/2024100017/,200,0.57,1,
2026-09-02 17:00:36,fetch_detail.py,db.netkeiba.com,/horse/2024101975/,200,0.61,1,
2026-09-02 17:00:43,fetch_detail.py,db.netkeiba.com,/horse/2024103476/,200,0.86,1,
2026-09-02 17:00:50,fetch_detail.py,db.netkeiba.com,/horse/2024101203/,200,1.09,1,
2026-09-02 17:00:57,fetch_detail.py,db.netkeiba.com,/horse/2024106615/,200,1.13,1,
2026-09-02 17:01:05,fetch_detail.py,db.netkeiba.com,/horse/2024103447/,200,0.71,1,
2026-09-02 17:01:12,fetch_detail.py,db.netkeiba.com,/horse/2024104576/,200,0.65,1,
2026-09-02 17:01:19,fetch_detail.py,db.netkeiba.com,/horse/2024103463/,200,0.98,1,
2026-09-02 17:01:27,fetch_detail.py,db.netkeiba.com,/horse/2024106874/,200,0.65,1,
2026-09-02 17:01:34,fetch_detail.py,db.netkeiba.com,/horse/2024104321/,200,0.65,1,
2026-09-02 17:01:41,fetch_detail.py,db.netkeiba.com,/horse/2024102231/,200,0.85,1,
2026-09-02 17:01:47,fetch_detail.py,db.netkeiba.com,/horse/2024105869/,200,0.54,1,
2026-09-02 17:01:54,fetch_detail.py,db.netkeiba.com,/horse/2024102271/,200,0.65,1,
2026-09-02 17:02:01,fetch_detail.py,db.netkeiba.com,/horse/2024106453/,200,0.56,1,
2026-09-02 17:02:09,fetch_detail.py,db.netkeiba.com,/horse/2024105118/,200,0.6,1,
2026-09-02 17:02:16,fetch_detail.py,db.netkeiba.com,/horse/2024105153/,200,0.66,1,
2026-09-02 17:02:22,fetch_detail.py,db.netkeiba.com,/horse/2024102941/,200,1.04,1,
2026-09-02 17:02:28,fetch_detail.py,db.netkeiba.com,/horse/2024106219/,200,0.52,1,
2026-09-02 17:02:35,fetch_detail.py,db.netkeiba.com,/horse/2024106649/,200,0.79,1,
2026-09-02 17:02:41,fetch_detail.py,db.netkeiba.com,/horse/2024101078/,200,0.72,1,
2026-09-02 17:02:49,fetch_detail.py,db.netkeiba.com,/horse/2024105979/,200,0.79,1,
2026-09-02 17:02:56,fetch_detail.py,db.netkeiba.com,/horse/2024105292/,200,0.67,1,
2026-09-02 17:03:01,fetch_detail.py,db.netkeiba.com,/horse/2024107306/,200,0.61,1,
2026-09-02 17:03:08,fetch_detail.py,db.netkeiba.com,/horse/2024103474/,200,0.56,1,
2026-09-02 17:03:15,fetch_detail.py,db.netkeiba.com,/horse/2024105776/,200,0.91,1,
2026-09-02 17:03:22,fetch_detail.py,db.netkeiba.com,/horse/2024100172/,200,0.44,1,
2026-09-02 17:03:28,fetch_detail.py,db.netkeiba.com,/horse/2024109090/,200,0.74,1,
2026-09-02 17:03:36,fetch_detail.py,db.netkeiba.com,/horse/2024101865/,200,0.79,1,
2026-09-02 17:03:42,fetch_detail.py,db.netkeiba.com,/horse/2024106170/,200,1.1,1,
2026-09-02 17:03:49,fetch_detail.py,db.netkeiba.com,/horse/2024103334/,200,0.41,1,
2026-09-02 17:03:57,fetch_detail.py,db.netkeiba.com,/horse/2024102884/,200,1.77,1,
2026-09-02 17:04:03,fetch_detail.py,db.netkeiba.com,/horse/2024101150/,200,0.51,1,
2026-09-02 17:04:09,fetch_detail.py,db.netkeiba.com,/horse/2024103486/,200,0.66,1,
2026-09-02 17:04:17,fetch_detail.py,db.netkeiba.com,/horse/2024106057/,200,3.02,1,
2026-09-02 17:04:24,fetch_detail.py,db.netkeiba.com,/horse/2024106308/,200,0.59,1,
2026-09-02 17:04:31,fetch_detail.py,db.netkeiba.com,/horse/2024106242/,200,0.63,1,
2026-09-02 17:04:38,fetch_detail.py,db.netkeiba.com,/horse/2024103485/,200,0.43,1,
2026-09-02 17:04:49,fetch_detail.py,db.netkeiba.com,/horse/2024107219/,200,3.27,1,
2026-09-02 17:04:55,fetch_detail.py,db.netkeiba.com,/horse/2024106547/,200,0.68,1,
2026-09-02 17:05:02,fetch_detail.py,db.netkeiba.com,/horse/2024106633/,200,0.52,1,
2026-09-02 17:05:08,fetch_detail.py,db.netkeiba.com,/horse/2024102312/,200,0.51,1,
2026-09-02 17:05:14,fetch_detail.py,db.netkeiba.com,/horse/2024100732/,200,0.37,1,
2026-09-02 17:05:19,fetch_detail.py,db.netkeiba.com,/horse/2024101981/,200,0.37,1,
2026-09-02 17:05:25,fetch_detail.py,db.netkeiba.com,/horse/2024105897/,200,0.44,1,
2026-09-02 17:05:32,fetch_detail.py,db.netkeiba.com,/horse/2024105385/,200,0.46,1,
2026-09-02 17:05:38,fetch_detail.py,db.netkeiba.com,/horse/2024106441/,200,0.47,1,
2026-09-02 17:05:45,fetch_detail.py,db.netkeiba.com,/horse/2024105156/,200,0.45,1,
2026-09-02 17:05:50,fetch_detail.py,db.netkeiba.com,/horse/2024105931/,200,0.37,1,
2026-09-02 17:05:58,fetch_detail.py,db.netkeiba.com,/horse/2024103445/,200,0.36,1,
2026-09-02 17:06:04,fetch_detail.py,db.netkeiba.com,/horse/2024101934/,200,0.43,1,
2026-09-02 17:06:11,fetch_detail.py,db.netkeiba.com,/horse/2024104867/,200,0.45,1,
2026-09-02 17:06:17,fetch_detail.py,db.netkeiba.com,/horse/2024106334/,200,0.4,1,
2026-09-02 17:06:24,fetch_detail.py,db.netkeiba.com,/horse/2024102885/,200,0.49,1,
2026-09-02 17:06:32,fetch_detail.py,db.netkeiba.com,/horse/2024104231/,200,0.47,1,
2026-09-02 17:06:39,fetch_detail.py,db.netkeiba.com,/horse/2024103011/,200,0.93,1,
2026-09-02 17:06:45,fetch_detail.py,db.netkeiba.com,/horse/2024106036/,200,0.58,1,
2026-09-02 17:06:52,fetch_detail.py,db.netkeiba.com,/horse/2024105273/,200,0.45,1,
2026-09-02 17:06:59,fetch_detail.py,db.netkeiba.com,/horse/2024106926/,200,0.44,1,
2026-09-02 17:07:04,fetch_detail.py,db.netkeiba.com,/horse/2024104299/,200,0.47,1,
2026-09-02 17:07:11,fetch_detail.py,db.netkeiba.com,/horse/2024100726/,200,0.46,1,
2026-09-02 17:07:19,fetch_detail.py,db.netkeiba.com,/horse/2024101967/,200,0.46,1,
2026-09-02 17:07:26,fetch_detail.py,db.netkeiba.com,/horse/2024104452/,200,0.42,1,
2026-09-02 17:07:33,fetch_detail.py,db.netkeiba.com,/horse/2024103454/,200,0.51,1,
2026-09-02 17:07:39,fetch_detail.py,db.netkeiba.com,/horse/2024100763/,200,0.47,1,
2026-09-02 17:07:46,fetch_detail.py,db.netkeiba.com,/horse/2024105755/,200,0.81,1,
2026-09-02 17:07:52,fetch_detail.py,db.netkeiba.com,/horse/2024102217/,200,0.78,1,
2026-09-02 17:07:58,fetch_detail.py,db.netkeiba.com,/horse/2024105381/,200,0.73,1,
2026-09-02 17:08:04,fetch_detail.py,db.netkeiba.com,/horse/2024100111/,200,0.81,1,
2026-09-02 17:08:10,fetch_detail.py,db.netkeiba.com,/horse/2024103902/,200,0.75,1,
2026-09-02 17:08:16,fetch_detail.py,db.netkeiba.com,/horse/2024105824/,200,0.87,1,
2026-09-02 17:08:24,fetch_detail.py,db.netkeiba.com,/horse/2024107175/,200,0.82,1,
2026-09-02 17:08:30,fetch_detail.py,db.netkeiba.com,/horse/2024101400/,200,0.75,1,
2026-09-02 17:08:37,fetch_detail.py,db.netkeiba.com,/horse/2024103469/,200,0.8,1,
2026-09-02 17:08:43,fetch_detail.py,db.netkeiba.com,/horse/2024106355/,200,0.77,1,
2026-09-02 17:08:49,fetch_detail.py,db.netkeiba.com,/horse/2024103244/,200,0.45,1,
2026-09-02 17:08:56,fetch_detail.py,db.netkeiba.com,/horse/2024107236/,200,0.57,1,
2026-09-02 17:09:03,fetch_detail.py,db.netkeiba.com,/horse/2024103490/,200,0.53,1,
2026-09-02 17:09:10,fetch_detail.py,db.netkeiba.com,/horse/2024105256/,200,0.44,1,
2026-09-02 17:09:17,fetch_detail.py,db.netkeiba.com,/horse/2024106172/,200,0.44,1,
2026-09-02 17:09:22,fetch_detail.py,db.netkeiba.com,/horse/2024106212/,200,0.38,1,
2026-09-02 17:09:28,fetch_detail.py,db.netkeiba.com,/horse/2024101228/,200,0.8,1,
2026-09-02 17:09:35,fetch_detail.py,db.netkeiba.com,/horse/2024104574/,200,0.44,1,
2026-09-02 17:09:41,fetch_detail.py,db.netkeiba.com,/horse/2024102218/,200,0.4,1,
2026-09-02 17:09:47,fetch_detail.py,db.netkeiba.com,/horse/2024103444/,200,0.42,1,
2026-09-02 17:09:52,fetch_detail.py,db.netkeiba.com,/horse/2024102476/,200,0.42,1,
2026-09-02 17:10:00,fetch_detail.py,db.netkeiba.com,/horse/2024102481/,200,0.46,1,
2026-09-02 17:10:06,fetch_detail.py,db.netkeiba.com,/horse/2024100457/,200,0.41,1,
2026-09-02 17:10:59,fetch_nk_id.py,db.netkeiba.com,/horse/list.html,200,1.32,1,
2026-09-02 17:11:07,fetch_nk_id.py,db.netkeiba.com,/horse/list.html,200,1.02,1,
2026-09-02 17:11:14,fetch_nk_id.py,db.netkeiba.com,/horse/list.html,200,1.03,1,
2026-09-02 17:11:22,fetch_nk_id.py,db.netkeiba.com,/horse/list.html,200,1.05,1,
